{"file_hashes":[{"block_hashes":["sEEXUxjgJBp5wZwR9l+zranC7b7x8JP9X/mzHsWEoPA=","F7OpQIMdzkrnVlDVSwmIMlMTfr7cfEAJOpzZAasHgwI=","JrC6nL0mLM9SkB1bxyRps7fkqEcq3nwP7G5pP5gLD7o=","ce2y4lCQ6q9OtFzsPA9Kb2vuBqcDKig3EKoF+ynGyf8=","oxdBwY76hKJ2GMVI3gzdgdkHrKgi5kscpRqiQ8HtdC0="],"block_size":4096,"path":"_locales/iw/messages.json"},{"block_hashes":["xklkoZ7iSU1+7cd6DAtEmUC5lPFd+EgcbnzxkOiFwlk=","3KbsvoxKY/3AwqgF2aAdVQRpMhsNVRkQ3rx2A6Z2Z+Y=","o9+tsohquaCMj+70zeinRG/hBhA2uLoDl/WoC1uokME=","xV/K8xucyWJELVT8Cqn+ugFjobBVmg8pnmACF+2PP4Y=","p/mvJm2wuCl32Rx3it654MljKAsMe3S9IDEabc1A8mE=","j8mPrTb5oOsBTj2Fer78JE6xG6+kR64Cvu2SW8d3j/k=","nqSRpGQ3USU2bZJsZ+AzBmFOyann8omwJrhEWFZDTXc=","eTcQyJUuNuF9yCga/fXGyFCj/pysSceanhBzksdx23s=","Wj7faqnspelXKMvnduxHn1XUBG8TEOqyns7/oUihekM=","VtBwXoadI3EP336rAiL33Gz19KGqtN+RYdKnMKAXoLw=","iDgLXQqXJp8nCZxgLuC9LXM45DGfufvGnXvmHsn18wc=","g+RfdDfrWTUK0Pkcsbot7NJ4SC9wVRV/dVVMuHAtEj8=","2oC4HcCuXu3VjFf6wnKlznt9uqQNaebcuWpm/mWj69U=","aMUIpuFqPMiieSaWhIktCK62v2P3OZQAWupWsYzCnvk=","Lnb2LEtMtLWJCGUtUWftkTJKYT4zghUW+ljGX4+sMR8=","uD0VvuyrtMX8pL0Srswz2hCkA7SmqjZnLilZfK9gPBI=","5bwMxC3nb1ezecoNeVioa1ZQ8NaMfIOmW5hWVw0zs7Y=","8SU/I+rd4fcUukIumOV/9Fs3XQrGmugUgWHudyHZ70I=","mqVry7hishUun7pF3sSisqWrDjtBlgxkgu5VoS3KtF0=","kb5ooIgYWxs1F9yz2sU1Cc5u2CGefQHoUNRvf7gogwo=","2YxkAo9sFByHglpi6U9E/0XY1TUx9CfBWUKvq3ScP4c=","ZkMVos9J0E+0rQftLM+orOc0HOX09RCRkofVzUFaA/k=","mR3Ih3h6UvgYhwJlKO2xO8Mr0hLErDDs9JyagXXK4hI=","39iTX4rq5sAOWaoOsn/agKJDjlZaMfW9QRLM8+oN360=","JMqQGf6Wm+opg8xL+eTMnsLdha6EMX89wlTLr9UWPZE=","jsj1zH8moBkoh6nBWAWtrj61G25oHBpcnlQX1PsiOHY=","qJdgZ4n9eZMi3+Tl8GfnbcfZUVaRi1pv24kdbY98Jxw=","fiZ0Y3o4yqnx3BHA4rfVzZqHkFOa+3SqSqYwdvdurZg=","KH8Hv16c0W52KIBIVnwIsDz/rsces6rML4NSI3bAmFQ=","jOlo55B2UypAU8z/YCzSTTJ1j0VNU6S7ztgSD/JcXT0=","MlEMlI3tGc8st55i5fI5ZvQFqLeqsb9vG6Xf5GHLing=","T6a2HQbXYdUR4KeNVId6VeX33e5Pt0Cp6SYxF1A8Yf4=","pW2IlryenDyzGZozQtj3hdg4UuGN3mnTSNurRDZmi6U=","IuNqXQIIQPrDykcCqqe21Lsu2M0j1o3Nall7exENWs4=","446IG/B3vMqw3snKwdwrMbv4rqJtp/+YhyY+wsVuB6c=","4o6rbh8QHEzOr6a9H571uSuvnw0lGlSFvx3DSBkYrYo=","qp0XqJXw38fTzctroKCGmFkmzaWtUC14Hbv3b4+IaUc=","/NTz4wjfPb0JAfqcWbvWY36UdWOAeXrWvRXRuXVLP7A=","ikHY4m/DJPdxxuqkVtucd7dgLJJ7WSyBI6AuQVIW5ak=","jnhamwLv+SbAnvySCBUxGoQ1MQ/svqD0NahgoRzFaxQ=","/ugxBFGrgJD2Qw+eVs0ZCHNQHFad7aF9lmDjBuE3leo=","ssZp4ePvLGSVqpxO6yo1trKZlcBlWA0Kwrwftf1plPU=","/fwpmb1S6C/I6Cr2ooAYL3J43MPD0L8/06joS+jFdwU=","e7UE7fw3aaBVGBBw0UU+J+Do3EcYzCHFpczUn4x+e0M=","8NQE1nzyCNpMw38XTdK8iQ44V07eTW+mutf6xsE1mbA=","MZoaUF0qko+suwjpBDDezkZkGlcaDBZgK354ohc3zvE=","ObzYZQsPx2mK3gFG5aTbxMRped+fJ3eR5GfI80wpbi0=","V8qqgCVz5a9GyrtQL1y3O3Uox//HH/0qjSSXD2FlyvA=","EGvktWFtCP4vWn5pYEbVLJME2Di2QbEJD6DB21ZKTCE=","fVABkkAkXhpJQh/6O5zwVFxm7DY1UXHJ5clOz5Pd2dE=","R5genRqbeL7ZTVCKRdERoCdY4t6vf3W6/u4gjkDR9uk=","lS7gzeZCAIWFYo22wFZ+5DSVf2RPbTIpLtI1MpOwsCY=","nXySJ1xQlpn6wP+IupQ2HBd6g/wgOjjKzaQNcX6yATw=","uY5TvmUICHJr7D6u0ITCWHCLuuaqEc4YeJqOtgbAWWk=","55WLSP29A6oKwR7npzs3ixZT8hjRuG5u47lXTgwt/9M=","col53V2xR381uDs8JTJ0OEWFBMjtbztP8gf56PK7oqU=","BQ4IKvqL8Cf0JxUGpaGoJWEvTGE2QL7KHTJNMQDhg0g=","QyhB2XUEfOmTiK7K2sjMcpyZArBxoAAjKT34e2YAjuA=","kVjg87Wsawh8Q++je2Wa11b97RJLxXL+4FqoPY/UzLw=","42tpkRynvKgQHYyXTO0COAC5pC1NocHHXvegS9pOKU4=","qOHMqLvaorU9IC7RnBYMvM2BmD8OxHeRkTAtQvZVMzI=","SZdmWPCzgeYNnxho8DUUSFwGWFIPUmHaWMifx6wwWZ8=","Y64k9V7YvmkW9OqsPepQ7VdJlE7W3Khw0N0t9BaDFyI=","DxLlpVjpPKXtuaqC3Ed/xCsWL2a85wHyE7ZBBJmXYp0=","elzxG7RFNtdhN5iKuSGX+8IZx6FG66LKW/9uHRT0e4U=","NRgZaJuoTFsqliB/YKN/ck6yZLiVgjNQTwRoKz+VASQ=","bxqqjz4U2O9Nl+n3LvJ47JWpRVJu7vHGxm2mPcVweSQ=","eUNiyFdJBsG0UsRKMZRhpS1L1xFtgnGeZtD1cAXVShQ=","khuYrgh7Jo2cTRzMVDbcUJEAgqzvYg/gQPOQml8+5VY=","5IJe/R9RZLtHMH3ZEjz9rJBejbmVhSk2e68Wvyf+YFo=","9UuXgoOk99tGxgg6DhXOshF1YN2BtAk2rOkrgHfiI8Q=","I70ihOgow/N/pCCK33Pn/bt0SYveakedc7pqDoTiWz8=","Bt4pMY3Hl7AI2VtA2Y7LLG92+GPgKS0rDpJ/SglO4jQ=","POo5Trj0RAw5v+rtCmUc8l4TbIrYjQ4YRbgzgFbny4w=","yGGmUnowrPKodG8ljfDG0KtUbtk7Cawfpmlf4+Qrsow=","2//copBZc3N11lUntILYrFXAgx4fHIrGSRzBjp9fch4=","CVhEv3Miew/FIvK53VjV4ub27VQC1CoRZvQqCDRiqHU=","H0fJfGWfCpVva3yuMUXKcZ50USHWPZbpFic//uQk6YM=","NMGeWE+fH/kJUQl4QTgBHPLmtTzHixJxcaLzL7gRAhg=","XCDzNyS1a8/QF4YM9matVFeiWRdVcNTWVNg2VnlgRKI=","us9Jn3zp/KFX7ndYFHPP+v2uy7h+TPlJkWCSQsUV0Cc=","RKzitguJXfLoDQRLKYZBTvfGKhdpmiPRJkAQlUKlEbc=","q0ykp2/SZ3ld2HfX4BQ5obu0SVS/tTqHNS0ulDpec18=","BoGQE9sgnpNJuw0Hz/sY0pUZ3jWpT/2GUPjhPNILxqE=","DjeKLuT9uCHcgGcOQJ9/HXZfnjOzUnZ6qI43g+GF2Sw=","F4DPWlFuoIeoX4/22bH8KoWEm4eeraJwRV1hL0Hb5u4=","EhwGzOIcfEa9p+75oWoPJU4u4W1t85L49hVQaGgVw8w=","eZtlNlxC7VDa2UxCeE8xpGsySU87ThsfN1pTW4KXZHo=","bf/NY6Il3Q+gtc/e04wZLA+w1jrfzBYBHKVn7h1rz5c=","1ZFAAhfjNO9UsaquSqMN3qA+cMYZgaxOglt2TAK/V8A=","Y6yyWMapiU9wkaylhmd4OUocc4LCd/jTT/RdNSDGwGI=","LniZhXG7ju0LVE0zf69LpK7FRi9yxd1AgIpH1KOEDVA=","WDg5fp9htjrARpGqm99aVnbrYasPTBdm3blBA+R7Yio=","eDU1usO+jATzt9NMjFpXnyJISyUQKjY30XyUObd1Hmc=","1mkaC6VlGs40GMt3J0sm1PUsZ2aLxsgpxFYySnZpZhk=","8kwqLT+W72Aiu/0B8E2OT0yyXLh7b5EkJkTOcfynvJ8=","BZDK+L5I19ABHQFuhip3S0dzpZgFzSQpJCL+x3Y3guc=","TOM7BwiYbI++j++fdF99IyE6GkR8HLWl5rhTUWVX/NA=","N5lY9POkt3uly9v1leZDDO5P0D305uK+kDZgqX9URHU=","+7YMDSnSqGjO+rxY0TW52wz3xeYsY6pEQ6i/AP/3TOc=","+6+hWjorTDAy2sfc6qFtiEh98VPerr7nJLYyCFqjOA0=","LrJaZHu+bJLqjSIPFGFdTJgPaHrP8j1rYqhV5lDAkVc=","CZyTLlEQ15T5hLMHFkXxhKvmFoDhb/AWteUuugC2hEg=","28zRoiss1CUWk+0FHK/0R+njX4pv4Xkdv/IYvHvQ6BU=","g01k9LeFsjiR9olD2lh1qXVlFq03jmigeMnk1dzjL4g=","iAalO/nON/jngvrylyOLmZM0QcCR9C/gWHEKBVyBB5A=","zOaAWgIZo+DWP33oJWdjw7ZwTv0e1KnKIti+TP4OySI=","0/XwwUv3zay27SCK1mU/EhK3TkhaaHPJ9NAWYb20wtc=","NLb/jpWxo0EsAKNqVjHoposSxov3UpgvZqOKr5x18bk=","6Ed+9giA4OEk242CXySP7fMeY7wbtQ0WZVsMVDNyVvk=","hlqzexXpFzuq0TmfB6DJAIinhc7MYmXBGKOHuyq1Mrw=","uZcli9EJvDpLmftS71DCSw6xjNvy3qGc5Rh54gIBBQc=","TLmb4v8aWYA23qOvIrhhl+rgXf0i+PRo8srtQqQ7eqE=","tonPSiGXEo9wULsh6XyRwUcuaI+Fp1qVJKmpyW80wbw=","BihIjmTdwFcfVx0CAqFN/VsjHKL5g1Wcmfj3JIXYd6E=","vlGgE8Mfx3jyMDq64lVey29xiEIHpPuoyI51++fKDmY=","AsgfRG4ihWRTwo72gDmBgBlywkPjTEw0diCl4oedWvU=","MmfwBgV0nGgHwLl7VSVbZRfr0LoiS/GNVU57kWC5gwc=","qTmdvmJz+HItHkmm3eUh7x09l40X+0ZKFmuhALisMVc=","ydZbFhXsYYvSlev0AooeejMDu3X6BkIy67lZDobuWBE=","EutUds/91/i5p+GlCScwYTcby+395rRkNzQrpbsY3yc=","PDZTqEzeUO0EdoV50aMbU2h2wqMeQGjJnlWrWLdwUkg=","JiSAsOsKm3kMJCs2RPwq33THRX8TEBUlypNfutbYMFw=","3D0gOgjTtNwvFJX3pIaaKpvC4nW0PZJHyMGPjjvXDOI=","oBN6+IPUoiqrDgUDQly55Wav9d1p7ncrvK8yYHtVInQ=","2SpAgsd0Xp0YMQUJfbMRHlIDpUTwRzXvxaszFwX/m3E=","S4pGDZ8Fnmhphf5O3zwJMhrxVsyHHBfqSlTiwBqE+Kk=","xmw/AH2JZ+VARb5urSWcsUpddZj3HLq6FJG1V4AkHUA=","ZwXeVPyGsmIKSSwkTeVB5NX0czCivpF+fyy+UyB6lrY=","J8W1i2zBdsnL+ajQjr5erNC5+5f9B3+G/P9lXC2p2aM=","Uj2oB98wW/4/vAsgcpwH7W8y0CEn2lP7Ya6AUSyeXeM=","5/rmRzKFhXgUMm6TVLC/4K4Y/7o2UKwuyLQl7QHuwJI=","ZyFhYpysVSGYjW1Oi7FriPFIUuTAVj0CBYux35uqaXs=","WYYc9wBjD6gHlpOmP5R5VwVU0jFqm5W/EJIMKm2qo6Y=","z8SoziLY+atlIdJ/0rO8vHyDGOCezpdvtoLfdk1k4TI=","OlcnNDUJ2G/vO+3mxeb+T6dbzGzf6rHVLzEoFHr+Crk=","mmT+c3oc8xROIyjhqAOFzyW63CLl7UcsAL1dwCzvtds=","WrJ5JK+vswGI8Flt04Ro5SS2/NbUByuHwy0yRiKQ+hU=","HMGICgfyGo42ZZtmFbT8GvSZW5zx/b/4TFK/v+nOePo=","znEmRew24IC8VWBluFyMP1GG4aFPbMV1SkSDo971e7o=","bjFSi7/pS5J7fXRrM5yx2S/LyfiT6ZkQA+0wwgMAcy0=","SRpdJk62mSKd6KQ3QjDiUBrWV/q4ORWaYZ6dsAIs7Jc=","hwO7Nn90lVcXvelKW4Czf/IDLU4dlnyPWxT7tiT8jlQ=","XLX0u3dRENKR/kcB3fAG3iQRxhWaSzPgu7cdsUlfwSU=","ftWdvHm3o+ari1xbqkGV0TGiB6xp9I4JcNotlyfqX5Q=","QCkSCWmcVfgT1hjHoVDzBgHWa+/11mlyWdS4v1eWOcs="],"block_size":4096,"path":"angular.js"},{"block_hashes":["plhAIZiG5XX1jY7bs2FhGLE/QYzZT9URyLHa1KdOtL4="],"block_size":4096,"path":"background_script.js"},{"block_hashes":["lq58K5LY20i18BOhVc3KTXl80vHXE9Ti/CG5a45g3rQ=","89v6lYCB+LRGCxoLLpS+RQpmdL0edwETsVLe65qDAQc=","Q2XyhqWG4aGJxkWbdghcGJ6L+XtulRK2erUftbWmq0k=","Qxr54S5W2oN2ncHLlvy0s4qolbmNsUx0oTYlS82+5S8=","oAXiJIF3c4HFDCiiOmFyl2M3SzDp5VBDqXbJo10zVz0=","jV9QWGaP6qLtyyt7VjYTBTAgySTGDv+93nlMp7FUtJ0=","KgUdieT/gvu5yj1ySygvP7Hp2q/VkWQhdq8WZE/YE4U=","LbgfIG1GfIYzDA8VD+n1eLYq29VzBr4L2Ikc+hQIZHI=","+DT1uMjYDJmLzbeB1IlOz/375bnaAmiXfeZ3KRyz89Y=","Gl2DIoGCnK4f2hdBBMUzBsu+y42ku0X3SvNmkkFsIPE=","6mF9q4/9uBMTPxmrgTVOpfKvXVqN9zggQrpazvyPxg0=","rSogQZFgd1AhlxXKmffi68CZUjAQDJghd5Df+dfYkRo=","o4iC4CT8sePsmfvouYFFj0s/ISfhIzVqzi3eTOE1tJg=","/5gOCl0xbrrGHuZrKy7bhC1zmgLvB7D0IHljJ2l63oU=","QY2MpW4RnhweGY3eEOrgi9iMgeRrXs1wZ1MbgJ4fxaM=","H5z5A7RtVlWrvkzRUzRrBRvTRJLujpHEzXepifSsid4=","tZwwmtTFDxHEgbTucsc84RcRzzijyPYigXi+vyRauX4=","WLpd+nUuli+x2iPZTACyKQB/nDdLMzOlKzLRpJUECI4=","/yYkTQ3PZiZmnljzTyeQq7b6ChSrHfxxt1cHnAnTAtc=","kSXITT8YG+HGhS/uIu5VjAKi+YjvvM8/RdTrWf/aS3c=","CTnTS+33jZjnwVtWP09XMtmZZoNMg6Wu5hEAt/dtpbo=","Lg+LHyjpE3yLZgH/+ZPci4ik0bEksaLrPssgggWc+Og=","da2XZP/TVQaWu7+mhH+vnbAsSX4B5WkbZX+dARt1APo=","BbYnbdEuwj0ifCGoEPVLn4HwVXzHphNWjDcbJwBZ050=","oJEO6yoIA6mumUWgXk2pFzp9KE+1anl80AXjIdRKKS4=","TzkGmFEhy8sXjOehBAqxnimGKzMAfpc72GgDg1tx9e8=","HcMoB7GxVp0Lr4h1avoAf13lR0KH7Q0v8UnIxAkA90A=","2x6ZM1WD4KYPMKphHrzHV3e3UPIVMTx0Y7iYoql2JFQ=","Hc2ADxC2E4eIMTfIZkYUajdtqsXolgScspt89CVSpt8=","XFL3nHFijlym/rJqxcENdAv6OSZcfJcFNR7R/YUkEmc=","/05O89Mayh2UY6vru5AUuWln12vYcN+/G0Rdpg8q4u0=","GAUf3bCvg6KE+qnlaI9RnUC8gs7XQ8/WESRRD6giw5c=","PrGAxBF1cLXJD4anVnFDIiNvW7PolepdFouK0GCh48A=","Sb0TpJXUA7HjBRAsWVZZVpP5m70cm5legV/32Q2v/bY=","T4/qr8bPC8AaWYxEYTmx1RtCYNX5a5UTYRdDzb/J5oE=","pL7UBlFeeyMNhu9/aNkYdvbla9EjtT+oaOn5Zgegrjg=","ylnwMSO3/JrsG7Cjwt9FykmwvGlc2UctBt73JfzIgtU=","cPLE942oYGYmPpEZlmqjFic7PrE3nMkMxzZYH05z8FM=","pibBHRw6oAqMNW0h9avShfiQkIPL+bmc+ZNUBbunpkw=","39GgQEhYrkml+OY1gPkcNd+E4GkUXc87CK5+CmY+OHM="],"block_size":4096,"path":"cast_game_sender.js"},{"block_hashes":["lq58K5LY20i18BOhVc3KTXl80vHXE9Ti/CG5a45g3rQ=","89v6lYCB+LRGCxoLLpS+RQpmdL0edwETsVLe65qDAQc=","Q2XyhqWG4aGJxkWbdghcGJ6L+XtulRK2erUftbWmq0k=","Qxr54S5W2oN2ncHLlvy0s4qolbmNsUx0oTYlS82+5S8=","oAXiJIF3c4HFDCiiOmFyl2M3SzDp5VBDqXbJo10zVz0=","jV9QWGaP6qLtyyt7VjYTBTAgySTGDv+93nlMp7FUtJ0=","KgUdieT/gvu5yj1ySygvP7Hp2q/VkWQhdq8WZE/YE4U=","LbgfIG1GfIYzDA8VD+n1eLYq29VzBr4L2Ikc+hQIZHI=","+DT1uMjYDJmLzbeB1IlOz/375bnaAmiXfeZ3KRyz89Y=","Gl2DIoGCnK4f2hdBBMUzBsu+y42ku0X3SvNmkkFsIPE=","AIP8oaNF9eqDZGvgU5w35xfSG2OwYBNmbl/y4SCxLgM="],"block_size":4096,"path":"cast_sender.js"},{"block_hashes":["zDscIij/zR15c9BBDhiSltGo7tEOFtQ0gl+zSXzgvZM=","96wkloZ+zofIDVcW+Zl70Rro6KmAJgM4F7OcN30aR5U=","l8m+rs1KG1TMKlteSC+F4/9Sn+J2fWhBpvXOlUp+k+c=","903MSBv7BsXxhj/6uVslpNomYVPNML0Ktsc0Z7hfNqw=","C+Vjtxj0eD2iACBWZBM9HG+LW5GOA3FpVXcg02ZuXRI=","piZgWRplE0GK7z8Hs+LGr/csmHuL77wJQiOZmGSfRJY=","nq5tzwhLgV6O5ZXbJM+iFFMP4Ky4nXdyPKcmLzvpTm0=","l/gGiukCgdOBRQFt39Cg2zMojcavjHgic1EJRJ7T3Q8=","/1WHg1kRgFrxUMHB+0Ld8tMw8cRkppk9IYDC8kDavoA=","lTFNzJF9qzoOc1hj89OOalk4yF8xM2KhgU15Cy2dd2s=","LRAY6Uv7l8aJjLDa9mAK5xNGUJFb4PYRQcYyGOL0uxQ=","cQKZmTva75kGvkG+cLs6VplzzAKMPmNYTZLEvhr2q0c=","Yzehs8NvGmcJZ4Yy/0ObIaMq/USZc+DyNsmKpP+Uq5g=","K9IzfPdfopMku44ecb6K4ZzLyZQYSMAusJLJpufS06c=","mQFvfuIpnWpbYYRPVTuczjriMP63Xs61zOD6yQJONwY=","wfB7R6VPBoMHv3bot5I1bL2+V+X/MUZ+3Glg1OgUH4Q=","SCgDNkDJxmGryLtkVN4YOatcAjBsOCHF+Kx5pCgHTVQ=","ZZXKVWPNkVpuDe2VZevYs60AO3Gf4hJT4r0BYhP8zn4=","0NJS5dNbxPtL5/KJYK2p2a4qhz7JKhn42No4/PRryN8=","Y7VaSfSWwJXS8myKnHUYf7Ltv5qEm9+1i7h31ALLDmk=","VAxdf5i3DkA6Y2/3sw9EPxz9VZhkCcM8zLWT7CCyXv4=","YHM3ZBjXXAMHWUAfgDJVyTqjpjniKP9H5xtk/TyDY1g=","kdusA3BSW5otdmXnqU5xr7S44ZeMdxXQvBe4SGK1g7c=","v4buR3XvajdQWh0TQbD7UO9p+0f4nwAQCFc0XiurxLU=","hKYcAwVk+8OjIPnazO5Ho1gviPwr7F3Dy0thV2KT+Go=","AgH7Ic7nFBX4F5T/YPjWcyoOUzMLB0BMNW4sbjGTySw=","u3B7gYH5rDlmpalDwkWO+Lox3oKHfcZxAJXskWZspM0=","1fcmsf1pVAxqMLKNWE05hOFw6h6mqhC9dvQsNExmyp8=","2dYCsV+pZoG1MC1FxWIs4VpZuu8/xnYtiO0zsUf4PbE=","ISpFr6uDSFiVKK30NVKQlWZ+S6hl5yNW1PcAm8Lt1TQ=","Jb3GJ8ajHhbUgqRuKADA6MzKguifsfv//O+ONC4a2fQ=","/DN3rSHupSYT9rKJLnexmXxD/sUzUdAu+SQat6gmtc4=","lrSDlT30YDTsXXA4lKArNioc+kym62yyFCYzCfkAcvE=","Jhn6wvdu8ElGg+0lwPg3upSfkwhFwdLBr0TE8hkGMlQ=","lzlQHiAuQ7JFQpIHscMVUC06cC0/CJ1b6IAQwhX7Z/I="],"block_size":4096,"path":"cast_setup/cast_app.js"},{"block_hashes":["MgZYQcljW1IzKvY3IiIgWpKHSfmbO6rjKZM1FZ2P188=","DLGphte5LbnDdGH/OckkxlzcocHzrPdl6fr8xFbpNNE="],"block_size":4096,"path":"cast_setup/cast_app_min.css"},{"block_hashes":["dTwALeCXDQcyvhysuprD4451so0ugiH5+n+7R3ARtxo="],"block_size":4096,"path":"cast_setup/cast_app_redirect.js"},{"block_hashes":["taGCF4ENrTOcSVKI7QV/FfANl3uFO87L3JlKRoPD97o=","EltQy9OX8Q4Oy1HWZBAVFi/ap/KEE14lgPhwSpvpDMM="],"block_size":4096,"path":"cast_setup/chromecast_logo_grey.png"},{"block_hashes":["JeWGdbydRffIYOAWNzJqZh9oodNg4lCHBuzPpAjt0j8="],"block_size":4096,"path":"cast_setup/devices.html"},{"block_hashes":["0nkscO9XXZ2CKtbiuAS+wTonSuyWmw+New24s12/qDQ="],"block_size":4096,"path":"cast_setup/index.html"},{"block_hashes":["JeWGdbydRffIYOAWNzJqZh9oodNg4lCHBuzPpAjt0j8="],"block_size":4096,"path":"cast_setup/offers.html"},{"block_hashes":["JeWGdbydRffIYOAWNzJqZh9oodNg4lCHBuzPpAjt0j8="],"block_size":4096,"path":"cast_setup/setup.html"},{"block_hashes":["CfPSRuR26b1WPx8Qb7+Rp82N1l0AtiqULYyyUCwzV1o=","xI/q7D4ax0oNkNACl9ZmlDJrxjHTIuPBHJKCqsBcOsk=","YXyfH+SvbJxSub/w1ZHg2J6vj0V56iwhbu3eHn6YNkw=","z98xE3jS4mq2GPk7Xf6G2INGrQpR8gHN4jsVOhSnST4=","sziRGq8z4UiJaXpbC4rbGCX/DYVhOT2ZkwIdM2gVR60=","m/FcQNYdstauxCbyPtJMWBOQ8BEKkCpLzqGLvDbNh7M=","2HanAGEzD8FfeVdZqKgRLMCPQOOUD33sZQU/N5qqq08=","M8orvZN2/IuQDowbMZ1GrVcArf6ElUmNzfOXNWLv71w="],"block_size":4096,"path":"common.js"},{"block_hashes":["pYL8INvK0ZGAALaQ648jfsFOW4Nv1/eZw1cC2I2+aGI="],"block_size":4096,"path":"feedback.css"},{"block_hashes":["Ddrzt4b3WXKKBrhCr4hvcKqc2bboUcabiZar6MZXnto=","hDP8jzIfoDCj7aPTCp7eM9i5KmZyUwQjbfaRryFEdWc=","h9ZLHndA3y6eGE7uLN+trbR37mHGidGjM9n+ejOCL78=","Xjh0HuCTIcOORHPUEzNEOfp8IehkS+BwB+C2yt7zXKU="],"block_size":4096,"path":"feedback.html"},{"block_hashes":["dU/neuzFJh4SY4w8CwY5mbc40himvJMC3BPYmQlKnzs=","UD/e2QlrLqHbeG1ZGpx+pmkqUGmrpAZ8NF18sBrIgJo=","UACo+bgbF04ZGbQJUDVZwq8pqIUpB1zsLNuuv8vKh/s="],"block_size":4096,"path":"feedback_script.js"},{"block_hashes":["NJOoS5FjVvFiOznXuAxi7V+wguVi9yK9bcaRyhO1D3k=","kMUcme1Gj5MVa/tqtLtU3zmvJFYTW54aHcmJzX6uueo=","ljHiFsi+hV8HNzenRgNtKojkkXVKVR6Qs3tbDRsx1v4=","uXwCWx2PBv1frhV/4LSRnpNAcC6rOD8GgOR8XYh9rhs=","+rcC+wddtLkLkF/ZsU8NiZjjzExBg0/UxtrvcJQWN8A=","mx+5ZaT1dioHgG6vtauWBJXaSPiVCh/jgvYosMpnYa0=","uMFyi742QGtntNIleU+te5QVyYYb1oc7Vomh1dkWc1M=","0Zp8ViBUwA4bLWUkdu2rWsvONVCQUscaEPM4qoAxR3E=","lMRXx4j3WqY2n0Nmdax4J/hFZHQ1Foi9j+DBF7IjV3w=","Bnl1SDMez3qD1mJAgpLIVGaUPZczCM/7HGVK9W9pZkg=","5Qh70BfO2Uhf2/DnobWtD28dfdJDpt5kfrdodvrq+xo=","N/O0i4lW5X/CxyJ90XGXAO9BFU8OHcsQYtuRsSC9OFI=","AoZuifM/MaFRPPclcKUpPbZvTqeQYKGfYfbY7AzZLJs=","Z3vqRMo0Ojbvn0gK62kpCOgkblrJD734KTXREI2gFdg=","mTRoX7YgvXupgt0uviw5QORCrPtX8XzNkzUfUqAWHN4=","liDqbVzsllw7VdfSWlTW/MCmDLMuaqm7sC4Rkwvhung=","YsB9vpKk8kV5hs673ZjVkmwXNTaSB3/l2Ruglne/8UY=","GP98NCoaqLNZ1whkX9cMlbeyyV01bQbjCREVX44LE88=","+WR+i2E/omST59qqGFuizcwJuj3u/R2QBAmCNiylklI=","DwkSg8FHcbFUMXj9Yn7tBj2xjplrYDD5lK9pzeErc3E=","54D2im+EBJwhZCDgpM5TvtKuCkqnWbuGITx2xoh/sz4=","bIOPAJwyGx/+/3jpDSDUGQ4zVJIJ0qlTtFRsdQJmfKw=","+gg7oxYcmEv5m2sL8KX4kYL3eLacvcefP+rX4dYrLQE=","VM2tKbb8dfcxUJzVIy9uNGhMBtqVQdF1l+xEKFfm5+k=","YJSOpJsB37/pSIwyf1TpL9rDEgOxjkwqUG23FbvPCEQ=","TeCS/7ZAhzm0DsEUJQS0k1NXm4YKg7vRMaVt0iNv0yY=","CWxmSH5Wnkm0rTj/52LL2JDO2RPmkoZCt/uImRPHMGA=","WdfrWFeYS89yw4A44uXg3cf74qpb2TEIB4K9ztCvJ+Y=","zZ5+tY5UgIur8Xu2WrWdB5OwcljtNHanmKjIWm3SiH0=","d38K8+cHkHQMDJ5E9CHFvp0tCvumpHCUeo+iisNfehQ=","VHj2+8umGUm+EuwKKyNHJb7dziB6SUFisXHmHXQ70MM=","DmYfBRXuOLwNjpMw4M7J24c4McXKOlsS242MarpHl/U=","GSdsaytZY2CS9XtmwOrN5peq2XX9//lEdwyA9DT1TlU=","3UXR6e2K+en3Tdk9j2rBKtFvWetvKE5UeToVA5ggzJQ=","UG1q/TGVWioLWKpuHnsf7YX3Jv0SBTSUEKcjc1C2RQ0=","zoYmUy1BpyH+LwvSZgsCPK1ViplYtBIYrbfCZgtv7sQ=","CMagJIH12bcra33mSCNRAYoAxGAKJmS0mOyBIkV92Eg=","ROF+SA9639ZDEciqFOKu/9rUVWdcpEke12MmPNJ9fmY=","l2XS0D3EitvK9sWE9wzxcZpBpSAe6HkCdEol7aVv6Qw=","Vimsh8zlF6U3t9tQQlJ4tGajB/q2XxUASztG77hD1vA=","GXkBZNcja+ZDtl3U+E/dslC9g6FNstovBfIwPim2hYA=","rlv2ElU5+fVNZ2cZ4Hdw9CttVf1u7PVgs+mDTCXzMF4=","r3T7vJE+qqPT4s0tbs1jePpEbhS4fTXIgm4DpmaC7mg=","6rVrOf5A7IFakiE/mcRpvYD+FeUBm/E3zJn3WXSaiio=","0NlQoalRAsQzzgj/2VUgmYk7C2KEo4DiYWHOKQeRyrk=","VI1ybkmFls+ZjLC9Pws+DY70ShQMbN0/oUZx5mUrGbY=","/85TzWvH+Tq2tlnx6QxrwR0A//EuRUPIxe4igrIUwkc=","f28KbA6jTPP6aoLg2SmfgEP49huvDcldJX+wHtNgmyA=","RcKKP46YuRAf4FV9KqdCGkX2w/IhxhkJUigG1/hm2NY=","UKSxfkEg41bOOnoEoU0e4+sgc+VF0HyDZpg4o7javrg=","dkvxvcWGHfSqL0PiTRmlfAFQ0/4Pxlalp8+0E4IZ/Cw=","OyztGUe2NXfH0gwYr55a8qQb8BzbEs3AtN71YbpV5dI=","zxOjE/CxdPyJTYfZLEB0vy76JpHAfD0BNswQyCksamk=","4T7EWGE12r+ZZ0Zvh8VifJwDMh4WdpWGWCOEd8aUUQo=","bwI7fQgovNpYwoTUlUbQTGN2E3FUSlCS79w1q2aAIao=","Ga2pS2Jfx36T6LULqWUTNZLcvQukAnzpTPdlylNMuI4=","JbcWSwaZvt6+GhEfKTUSCocZP+r/+3IL5rXM4Uwh3Ks=","QkLVjQceukPssvkLf6QW4MHDe+XuA+VDOm+5DPwfAGE=","JM7mAIty8cK6HHwpCrbKijV7nQbsPnZBzF1/Zb4lKTo=","u9LZo98LMCQUA+94ZU+Ra0kgRoe1MhjClTpiUbNFmtk=","7srwvNciQNwethlc0ifjLPNRxu0/CGBlgT966S/iUM8=","AECU22GnZ3rmR4BFByti8jUjol2D7Csrjc/O2fhZnZs=","Zi/AoWkV1PMfPgo6NlUvdwtn1dQVmzbtki67lNMgOs8=","qiazKkL/RzI6GYdcY9AK8+SnocC9bx84kSe2szkOb2E=","DWd4mso74Ww2p2H2u7esYK4MlzX3+x5AdIy0j9cDtsk=","dLoI6BoxwdnTGFFupk1ACl6Ok+Fp9gU2NywAK4tjLUg=","BusOS4LzVcPpYT1ZFP83GjoPIThvjwDH+FNBIDvh5lg=","xhynjklTbffXvAWwCBge0mztLeNkZMlN6tXTCt65Ss4=","gRRqyZjAKrJHazPWhbNZPYlOsksymXvqeRB4RI1G9FA=","wtr2W/vUAf+RxwLDNbzXukSLtOWdeBgvttDjbscqvxs=","vWaSAYn5M0NHnQO3B90xbkAg9hBDoSuboVpk5NLxqkY=","RoMns14dOv/gU0VTMAqpKLqzyTJ3IVl2fsVcOFxU/hc=","hPaFIslLYiKD/KczWN6URFkJ/KSppDmmYzh0yy1lm/c=","aeORa/Mm1pUUZeimQrmmF82nwEh0+xVs/frdFe++9BU=","FwWe5NeSAVHxTcbAdLpq1nCBTsIyAGSOno079AqXTdg=","WJ+LHCaw1BcNArVknTuIzdq5WjIxRfmGhVpLkNOTNM4=","5Xoz5taDjtWJaEle5uRLwnQ4LZnvvOcaSiOQH29+SU4=","gacB7aKSe2wolhxlDycTHeq7OznY6GXvDJJ2Un9/NzQ=","MpmvqIc5SVZEoBcX9MKFL/Jp6hdIt2b4NIPmu1yAqWU=","ookCOvEc21blvcycf49Dk4d49oUqCo78vKIMx+CDcog=","vy/sET5LWsbuu+m8gteiBRMrscUb1/o/IQABdfK6nt0=","mqTpX5hV+0YWXp1x77Sp9BYhVstNT+GVoOJuzz6BNeU=","1MgpEnzS5n3WFDa1Nk2xdA3hg3h+NLIJBAViKuFu5Is=","xgPLFIrzlwZCjGOJdsxQJT2bdZx+3SGB2smS62XfaZM=","FAqegT9wDPod/yWkvqHDrtO7M/srXfJ0KLOfrERqqBk=","6PBr8ZUZeSM5sPg4TptpD7nQRqy9e4B3H2m/0ri+WDo=","mmneN70voABOKFcNqULyASkDA84O2Ir1ZsSLM3dZDnA=","s75TPpp//U20GTIx4wsknekRLEtCLUeAHyqhk1sjJ2c="],"block_size":4096,"path":"material_css_min.css"},{"block_hashes":["04NES2GZBlcH9OKO0P0y28T9StKXE9VxjAx6CoRYPyE=","jPEeIsCVmkXG2eZxeoXdOHI2xFJdPEXT9PZ92tr5i0I=","IDMUu/i6AEBS67ScXl6NurvLgk+CRLVGML6tSgBszyM=","rLy4YNoCFzD+0+Ael/dpGHUMQg3RFW9lmZqthoiwemM=","+UR/8pWg0bDb0ZJNsLXG/do2s8WjifnFmsiK40xGhdA=","ZTDfR7I5kNSQvxplwc8tcZM+8WxS6IeWv3ZbgRUddtQ=","HVWzDD69LBCEI8Qe5WKXeQkrmBzKGWMtbAEAq4LDcKc=","t8Zbi85rWci/WO/pzIDRBWfn22Nz4kq3k0WcbR78YQU=","/zKes1Irw74+TM5NnGD35hCnQgr/cuVkqrNXohxftFo="],"block_size":4096,"path":"mirroring_cast_streaming.js"},{"block_hashes":["xByros1j6LcrpGytqEEPoK2x/SqLwYjxKDRWy8+r4/U=","gEdSxQCxLt73r+SF1EtiaUgAqueocsXL0JpZeY7+HNs=","KP3Ydp+1ujyny3YsFl8I+vcEkBc+2ApjavAadTOe0EM=","MTHhWxsoJjsjldCTXC3yGdtrv6RuYod55hfVhdagvvY=","D90xSS7UliqbqXgwqudVQ05yd1841rUz1JFdJd6aCrg=","aDKqwxEMHJ0T+zkp32ZV/xOJ0xFnGgjFZlNUd2W0k2E=","c1RBrM5KqAoDfGKtrTB8iKb747n8bJGbY/GlEwacujA=","RJaXHfrkXg0HvCli9GMM3sh2SYbNP5rDNdWzNrqQ7C4=","YNQOwAsu0tEGQU7oJs4hMsaZSh7f/YObxxdGvHNHtBU=","634wrVYkLS6P9PkdBq/6i5OflgqHoQr6tjWQ0CxPHe4=","tK5uvI2C3iYnh1f2akFVX22rh2MS6+x3IjVD0vccKEA=","krK7RhYpOgqvsQGq0iiBsIFS7LrPVtaJRUGp747SMZ0=","+6BbLkW/iajIl1Sid/XX2bvzCC1fvlPNlGShlyrTCwQ=","5A9m6nu8yg0QiU6qDtf1ji7qYXS/Lf4f8wEkssppY/M=","YJl6k31VuLGGQri0yis/yV8rh05/2QXCDhnanuh2X8w=","M8bD0mwbT1R+sByEmwVSfNTnq1phz7q4s++IK30MJOs=","fGF6NCe2V7B6/SWchS0tyjC/Wr34oMGvwEa4R5p3/Ig=","3b7CaoIU7hsFOnVktRFSQE0o3PR9zxoLerUouP2wST8=","W+6t2niYy6XktdFavKoGc2TVOE9AisqTczPWSzTwEu4=","PHNuV0INVAzGECduMB11X0p1QGoWTyZXmgm20k5eQ4o=","BKdB4rqYmkXVeOMxzWfWaEJmsXYl/CHNAkDViJ4bVYs=","OngIExnqrn7ABYAuDDmsLvHZb2MBd1cSsK89KOPHcGs=","Fr7Fjl553sXdqqPAcIsn7cXF6pL0q56oiZkV7qfOaEY=","Oj9Ub/0SKdrL5ZN86nfLmIR4sLE9a4kK88wcNOvqg60=","yVgFfnZqBsVUp5pxAA80d4d6uJmXj6js33/j4+Ud6AQ=","jccrJl4Fn6z1VMJfoCi6p9/kXsMoPkhJIjczkKODU6g=","N/Nrm5ukzcCvX8knTDgOdm33Cj9N7cV0jGViaecvABE=","g5TobxjQpp2BLYVc4KEgfbRVf+4Ul3ms5HfZHjQmnxI=","XBn1UBvRI4V6kL732FXndYGB9+zFgam/B5aFttQt9rg=","9x86klaJ2r8ljJe5BpQbEIbCYAcJ19Vxp8/aa8jtq+M=","ucceT00rR2B7fMxXHoErJeQ2KL8M+g+qGH6TOxIXVho=","2Z2t8kx4xrRSEBnMLCmTE38tZ4ydG2iRAVtmCBC7eSk=","p0b1E47WTEMdTSJ5cJkV3su17wFplpBmW1yzDlmREHc=","mqRPP2zQ8gS53vz79zPbWj8tFSU6J7Kdq7ADaEcPm+A=","HBTaw6hg5IRLKNh5vOZL5btbWLrjfGJ8Nm4RAEcEL9M=","hvJqf+RREUQ2Ww2viDapMMvThTmkemg0EBR0+r9nKP0=","3AZQKdfE20gVqjeL1xGmIrEFPLs4T8iUdrgJep5FXec=","2t/U19t3h4Nwpvnabr+qNQVnMi/41OYKXpuEBO3hEx4=","JBLyvVWO3rl2phJ0cCapQFRc/4PQKJJ5Sd33cofEyZg=","fC+AZo9oETpHyscqCSDWd7M9DOd1r69EPkG8YV7EWGc=","U+I8zKqQLgQbWx+ryaUtsei3aIVajg4qh3oHzaWFodI=","/73DS9O4+oo+Yu07RBNkWlG3DhwuSKpEguv2Bn3024c=","pA6KKbKykiWL2N6g5aez0UV+J2bK1XJpB0nulfmj2+U=","gxDa2idfdpNMJvrjJ2pGxKE8hVfy0rYoE/VCOSlacH0=","7/vYH+tl5DxWFT85DvkHgvycJsdEa84yeYHDXiwGi8I=","YIBrx5KdJ+JdugFZLU7gqYkQGtADHV/bLZ7ma5/l7Tg=","p10ip+wkk3P037XM+553r0AQd+KoiduH5CcHi1hr06s=","70G+iSJsZVz8O5q9Y+UxZoz6XTMD0i59MEb96QAVHbw=","0WNcRA4feb6b6zkHbBL3yuMFmx/LJ8/23uS/MuMLsOg=","/xyH4hsov6eBZdXIJiM2/WjQLI0N69FOWdpzQwduzzQ=","mqy8hCyE1hpzYGgSqSaju2WLPFRi28LLzV5MLri3xmY=","utgw2uHVsY10hUAozquMkEGpe16BsIb0vnDWoFaOm7g=","tK6/+z7I4Ml06/x0wB5E69AaPyG/eI0lTsP7vIUaaVI=","SSwv/3yK/n3JliSY8laEmLumACppcOyVw98wwfoa9/0=","gWLg+TLMUgbxgPRGbPUm9Q3eljgRiBGThzFYdhjRylA=","34Zzvnm40D/vXoIX6jWtd6JWXjlRpC2lLJ1bJ2wYwE8=","9/JhKvPmiBJILgRVqWXvjWzOdfjUWO7XZVD1E2BXGW0=","D0vvQcHUjpVPmJs1lZGQk3jqUnJC95opJJJFFkd2MME=","RiemUtCEaos2PUmcELUzrpwQ7rJoiq1HIirfCpNV1OQ=","OKo6FPKZKtZqICHwzySEcZX5Q9ExXdVHsPgxqiXPKag=","WEuRn2q8jotTJR0sVq2bqJK70DgqL2a8nAfXL3pa3fE=","VAWPu81dza5TC0fU1rkdRZI9TbuxGXqg4esBToEUVTY="],"block_size":4096,"path":"mirroring_common.js"},{"block_hashes":["FzsNAkEYsvvHFyn2NJP9Re6bVroHnQrwMnvM3mtrSpA=","5xJLhz6xtttRPKkxezehfCEQQFQVP+xMf/qZqnokKUs=","Plpy3O1UD5meM3TvFzJlyGYVuvdbH2OFb7dfpA+TMiw=","sKCzSULgnI/L/IE3Hz8THPnqw+s8ty99uMCkhSZYQgw=","tcacNrPFN6lvpF6wrrhdCV3yhjyilECQqZzu2n5ql2g=","ayEdwNgzzMTyBTxn/ZV5V3JivYSBR+C6zJUqmyPFips=","Hv9S8JSTEK+THC4G2vSIpKy133h6k73mAWSl2cutA8E=","eI6PRna1SPTpiIjXki37lbDRVGhx7JWM+sGqv1/3tos=","1jfqLMZD5/4AQBFf29GFFLAJjIp770kl1J/xjS0HQo8=","yDFLOlwYjM4biS2J0gxUqC++mNJPmiIjoYJBEtjUy3Q=","04EB2Q2x124GR5zWi0qBtcDE92fHzFN5YWfOD7KALoA=","kP3lOk5e3jecyJjRmq3cu0EUnreT7WYjsfI910MTURE=","yU7SY5wcCnjiufAqMe18/yty8QqbYDo4U7W1cNC/EiE=","rD6d04RyXYshvBXOmm7dWP/fDyOCNfyrJokmL9nyaUc=","mwyc4mJ67EkcQ9DzbuX93Zx8ejhzl1C98A5yJgE5XYc=","e7I0nEYKKSaxtt04VTE47mdpJF4czJeP6YhPEfig/X4=","O0Vs1fGH3hDHKsF81pQoTG5mXLIrKF4q93e9wJopqf8=","9GkhvBVhq/ZrCcCNCYE0tPJPEFiABgbFHSoATWQwhh4=","7Kh+dHkrhTbmfPYHmQGA9rqSAsKkrgLcTfSiKlp/AaU=","Llwv9cCs/WN5GxjT4ljO7QsZ4MfM1Kpxd1SBP5XQmZM=","3Z/+p14LjvMOegWjqZuY+bfXDl3bwBdxVPefPoYt/ZY=","qGU/Ad/wOqZpZ783B4zJwqEChl0GrJptSGKqjxL4Dnc=","TQkIepFwjJU2XCTo33yQxs/ooXXCox2vlzwSzfMGvs0=","3J9MC8kAGIHLQXAPwtFrkC/Fu2Hzy/FDleKi+JP0xgg=","x65yRJIQtZqJuOwoZqQUeWKo2YE12xRnsEkVjBVqWdE=","uopiU1qRD/CV2gmE71zFbfV+eMizB/siZeujV8tYXzg=","gHzqyJS3tnXmmShmB36ngqYZWe/sIGUlMAABQOBBBcE=","KkixbBKn08TG7M6x8XyPfCO7JO40/f/aK/DdgryAGTs=","NpO6HT+p9SX6bNrW1d7uxsyWn2Z5IyK7oh9pg/d+hPM=","F3xq4DR1nHpWnvrmJKaRjxw+OP1IAL7t+BYnccNvmpI=","yYY7ZraXmm9DME4DiQWqQvXtae4SbnNfotJSyqCR2lI=","VtN6A7qLMcXK94e3/KgjdwKU7vlbGgdt5jyuLv4sarI=","hEO3mu0LFKGIOgPa7HxIbDF8mJAV2jutrIvl5hIowME=","+KKKp9MeC8x/usRovetNUPAwEtKVfvbMnsidN76UTqo=","H44r7oG/ENd3hzJwlhab4HWfkmKCX3pip0e0fD5bELE=","T/BUYwYBhhEpXpQ84eIjCbAdhq2uLX6zE+RMl8WkcT0=","9kwduspQSjkvoOf/EakjUAGUzhaVL5H/mwb1oVRmdTo=","de4pz8jQiHT5yb0M9ovy5hw+0CrYg/JjdK+/ZR6qflY=","e0MsbuzjDn9ux2c8BxizWSs7GvLZC5SJ16+Dt/8rbbg=","ho7iQtZIKAd2o2iUTv1nV823KXb1scOIl2vGMpev88E=","U9eXPGGKybUx/Y8k8+D5y8ePDGd6zGV4AOMfZtknylA=","1ItJ/+PELW8ZiXOew44BNwVFPSkjSR9pfSEA0aAeU/s=","C0sNrScawelvNsSzRbjhYCoG11JVPjNrQHb/YTViEa0=","iUM6tWl/yTGusDCSKMEWKCEludMOr9HtEUcLevGCWRU=","H66y+bsPyzXBMDNDlwcUXjowKlE6PIlq6Vk9L62J5nw=","nJ3U3bi4UOMxTcJtd2WsqioQhCVi8Qg4OZZE1OSv/Go=","05rb7isSpDMQ1dFL2KAodxzbv5+l2f2Ue9NZZjykaVw=","WRXsSXIHcuFI2pgrPj3Fogm9R/uwCixjrLJirI/RHXU=","dVw+IYciVUXJKLcKZSJ8Re2/9RFZfE+aqvJFdmDBxP0=","0WCCpk+sO7yVXTxtqZp3ArYrCykEjbfN7sxwn/1rVVc=","IvnyV4rL+S5jf6gSGf11c+iyQ0eO8b3IDgiWQyjPSvk=","yiWPgJkp7Vg4T9m2qD4k05yKtQgZS8kzbVpXPmaY+JY=","LnV1rxOyv9KLLCxgs2xA9xkOwuIvU3IGt6cuYCQjbDg=","xOsk8OLtnpWTLsx2gABVTkg9S+lamYiw6VddybeJ47Q=","s2fb2SKErUwLUA/cdwCyZHZnvFKG5O+nn73tA3WEUXU=","FSH6yEKMSpVjuNUdG1tWBi/FhOcQc8Dh4Vy906jP76c=","fQP81WtzyMJheDCipKTl1sZQsVuMEoQ/6QuhEUcKBqE=","cpm+d961Bkx2LMpZ8jW7T0HXiZK02hqnVLP0IG07EO8=","xq1aTHbjOy91lq5m31TIpdUUhrJhImTAUth3pVarmrw=","0A/FE+7SMixe0zWSHldtNM8BCBvJuxDAFDkZF2rlLvE=","oCHHZn6vvC9GjJTDJIGyoNTPpI8Sdxz6vM5nWZnV5DI=","fiX+ReIgvHaPByMGwNWiHqzAmRAMvEJlH+gRGhDgaeU=","6ub3jE3EKScjlNXY57XmXhNNmwqn/Kn1pBPAGgn1AV4=","0Y9Q/oId8Cgvz/196MZb6Gu1s6sz+D6SA6OpVL96jz0=","ALTnJCdZzwE66pupDP6hrcrSRKf9qqqQUYjmy28aaKE=","j6aPTwTGUkjTtTgyPu1+Fdp3Qtp1WLAM8YVTC+wKY1g=","kHTwM/GYm1E+OETEa1PUc000nvbamY02MuhtqO49niw=","1g3hXny1fe7kpi7f3AtXqz6qtw345/lgLKJsbNzAqKw=","xEhOF9LSVZ33g+2Rcjl3vHd/WEKZzcMREEakVNWNFik=","IP/JMl1pL6+fQ2bGdhBnMvyQ+Y1NnzqO+jFJe4SzLUM=","J4VfH59rFLjemTsi/6zAFWrU5Fikio667TWHqQQ6nqU=","Np7cLVEY3mUalyjVqteGqdyyEZhkeijshtrVfe4lFfw=","RezqASBr1kn3PcOFSVuCmkE0E56D7GRSIpZF0qULumg=","5/M+y2Qg7UwYwIwOVT0KBdRneXpOX4hWzZZAr8Wayqc=","ekTksI2B9KoIqpzoCohPKnkgIPGoMHy1WubFR6I+VQ4=","Im8iT2n285m2qQfHTMOf7fq37BdpES4U2KEGgEf+L4c=","BOLs1biW9iBb68gaw/nfr93CRnyXc6kIQ2jm0P+uHWI=","Oqnk//mNNWs/7kzTME9Cl0k4uPhxq1ggppWEgxHxgf0=","5zaZhULKHfmY5DFbzGCQNvEcYTni3t2JBw9JMBt13+I=","44LxcDL1Xs+kC234BHRf8ys0u7qpnkfEYqNt0PD+elk=","c2AtE5H9e6AUmGmRp3LhYcX6/CLEORd2LuM9io7wNgc=","CriSs1tce12udZoFSofEjiUgM3fCV1xJX77VT97FHcA=","6S4TsIhs0hPxHt0IV4BRnOwjrXfU6SM9dli/+ncZrLM=","0ljwh1LLGLIVdeJKnSzw4dAmro+gW26xKjp6fFVS7UI=","dO4vK5uJNjK5IlKRNxsZbCOIB+Myl2UjM/rPFFFx4Bg=","MffN4eN/Zpg3Bt4LTCmxj5MFkED7RkylVVXI803Z7iY=","zEOaUkFq1wAjXf1/iZ5x1+Ki783l609S8GcuXDNy5Eo=","+67V8cwIcPueNFFaGdFOOBqGIg18aNY1a8vJBagnMQk=","NdRzuhee/4qnge6LVwsK/6fnD827MqTfNqyYiiAqc1I=","ga6Eke4ZRovK7EvDpgYexcs5ricETXcZeBRzBM5Ac+w=","yUT5wNefoEfnFeJGoC5qDIKQyYUYPRDOZ+WpgLYrCGA=","1rlz2iotY1N4TUVWQFfBvN/zoPgVvKPln78H5spNDcE=","G9iyXT2KpXtZhfiblu2SKYmIzq1apVvjn6RPYo/lAvM=","TFk5fgHT8p2mWvVxceqvlQmuKeqHirFXocGnGnvIjYI=","Ffq5J7iFMPP92JPaxUojURTQvO0opcQX5KYF+v7rlGA=","Dujyra7Q6MMj5O/fkx/3TlxVM0tWIhgOv25KdVWmfdk=","0TlbARSXP+nP2PozlSlibRnf3DghF6Kg+cdYry6GgDo=","OQeUqIvhvh1syHKxVXXwSWP+l2zRR3dr+hw+Kst6GrY=","cYMtLdQmvImjIuX6f8fD7J5qap3PUvk7m1hFO1D1qOo=","3e/7IKkqtjynDRDVkISop5QjFxiPlyUY57rzDnuAoJI=","7cfyFr+SIqteXy8jS2zQ5Owb0MJfQtIYtR2oVTdkg8A=","QdaRLuyS42yJOGoohb3mSOvpNWJUSzgmxZRH0PpBuv4=","79hANeDJPLbF9iWibIAc0phgcwXOCOtlRO2h8UnORBc=","RiZn9nx0KRj1Vxs4bvOZ15z50O9eXY7QqZf4Cp7A+s4=","VZ6ODTYDGwbTYFT5UrWc2LiKCG4cayJ0cNXxz7+VIJg=","ft0wFssWmhppMzZcdFscliBVYKHEQjVQ/W7YVojwagQ=","aCuCmV3mD5+khJgbK5CzRWAzk4i+NnVZB3jbYtkcp5o=","zKpPaBJfWI6xk/ZhAGNgYlA0le64n/bdMI54JwiXY3c=","EJ0t9FHM5P9QqMojdnYwBlhDXFkArE/uFOTVqFeFY7E=","IKAyVIYHM5bYVtzLbR51EzGUzW74PZeoae+lXATi6kw=","mwYTo4+FNM8wJlxRVceqYmJgg2sc1yhxPkGqUty2KMs=","LUhPzG6PKY0xid/yF37zhkILzP0ike3RbsdIzefGPUQ=","5AKKULd6o7UccA0YXVKcimlbY+SoeFKuBFsTXFgNghc=","LNzsMi+khkYXeBagbfMrn1fqG/ydmclfM+goDEnGpJY=","yR/5/GkhSNm9ZhyDWGqTpsS22Q/3p9kBrO4LKy5P0zc=","Fr5/k1sP9+gbshEgnjLiIJEazqIyneOpz6JVCtJzyRA=","qOGxczdY4k19qf/g9WnZjVsU/TTYmY7BOP3rT7iznGo=","XiwbgwRUdnmH24cpmCMMJqaHWSmavSTKo+SuxRdnKhw=","uwchjfmtckboFrss+KhCvGXQk2ZCO9VNM70deUmTi4o=","AcMPlhzBATkGde21aAOgt0CFsub1swNlbJ51/ICuKac=","qXk+3fipUYFsmor+qxKnF7HEdxHslxPzJjaE8U7GJVI=","hlRSisAtqTNSn1NZG/DUf4oN/xi2Yq0k6uJGiLkGdKI=","IiPirtmzZZp2vb68QW1bvvvWdFQxQZX09YygC2ctzB0=","Oriuh4+oBOd7mw+KGPI9wVlVZYz/WmJs2Fedk9zmnik=","uCBtD4VnmCISyCBEjX+SnLPyYpwL7NLIYvrOLFqvk2w=","me/GRtIWvMG8mFj2gkxDq+w6sRDnMaFSPphljGVzr78=","RzP6MzNrX4sjCX1avykb9pabtztXfK2pHaVymN3WmsE=","o6/o6igOcpwfo3fJaXENr7YR4m8/z4BGjQe26pL9nMo=","tcI6/XdbazRcxNQszRtobSH8LtElLqrxuW44LgI0UM8=","Juiphaost2HVOQvscVh3fRJS5cDcG/vE2YF1+UasruE=","qjQeEJy6FV5ZxEVIbefD9FqoDwAtUOHlHmlja2eOaNw=","XQQ6Vf7vVLzkqe6yEdz9BE7tK0zmpHO/Z2NGV62XxzU=","NoU9AAOujMV43SUEiGuH/48cllurOTflmyiu/31sCZc=","LvnPymT6eDdLRy4kGTFpGrvA/HrkpynRNiXLJOKSsMw=","hFpl1tZ8rEV80GStyMUyE8izJQYk/dAMTUDy5DC8Wfc=","ifsA47/oJFnEZoNJqSWbsy0sUzulxnYZYqCWT4drQ/Q=","zEIceuzvY8Y918Ypk0VDImodflsSXkKyyXKwTFYi/ts=","/Yu1pGEwK5cpMGp0K+NgYe6WZ8e3/6jBJcY8eCeTS5g=","09a1AVLkspiGOyior98lrmOdEs9KPrOVRSIMVlcf5M4=","FaTKrefxpNIjQR2TRL+LvyIQmetRKcRc97CJ2icsvE4=","58mY7gfSgW2konmQ2UCrnlwLpzGCr+qGFkY7io6Mtfg=","s+wsPsNMwf5r5N0nLGPRrhyWWZSImzf9QlB/ZDt/Y5I=","Mfl5M4tpm2d01Hs6PgL+4g6LFsDXk+rhpvWGl6NX6UI=","4MZLt9nrfvZqshnCSOSgAd3iux/+5iDPLLPwIl7E3Nk=","EI/TAkElS3kWVrEwve68IfT01N9pLgsigD7lsBMq9xw=","vW1nDX5bCCNK3Ya5Fw+8kJbjvG23AcS55BKFhuZnIHQ=","NKaZ1BzogK4ptOK86L2MBO8mJ9AZ/lOkxhWbBXZ8riM=","jGxyOM5B3tc27JxNRp1JPQOOxBDk3dstPSgPfwelUWo=","WPi431VAUx2mWiAxNs95M7RbvseyRpPbGH6oncI1vSY=","N4XOZUfnBc8HEDTwQ92TLdQwIEpJE4XTWoomU65Yz3U=","npw3d8CUiK6xjuvhGA/h+TQIwmzZyAabtwnwJyJtnXY=","4zZebcUHf1Ub8IV/vwx3U4nHiF34PKLo3nn/L8PGatg=","w0cR/2N+Dw+9BZa6gY9yB5xODGr60i1VsDW/OBipyw8="],"block_size":4096,"path":"mirroring_hangouts.js"},{"block_hashes":["tlPNpg3Q7xTAnHV6aHD2IbmLXo1R3Q3IsLNmeOYEhIg="],"block_size":4096,"path":"mirroring_webrtc.js"}],"version":2}