{"file_hashes":[{"block_hashes":["DXR7B04J55b3npIkcXEQUqQzz4aroSkMuYJPE/1TZ7k=","Zq/z4q2WcZc0AMN09eLDoqDVyuLsrsJSkl6w1ntXgYw=","Y6LANDi7N5gbrlX/A32it8wMSFBkHYfE3OaWKlDRaz0=","iLQTbJNoJqqpWNbZTd6tpXpPMlEBHaeZToshmE7g9mw=","YiprIeL0ipl3yXG0QkffbFqZSVHwiCujSRI6+/ovluo=","fWB4mBS6wxgc6JvuI66AydjS7+/eHdRzXcD9hUpYyg0=","uAS8P4VeyC6+xNltYxovzxKgD0sf79k9lnOS/VpI+zU=","q8n1wUKiV65CfhDHm+bQZ+PsMB0JEiqWMS0lcmp4/2A=","6QgkeS+WGl4cx6nae29DFJADkpfgGLQSYthBTXUZD0A=","yY5DHODssWz7Hyuy9i19IWyZ090aMLMt9bHyNwOptYI=","0I9ubXoDxSsnAkgi8kjdqlOTP/Nw1/RdoF99WCQfhew=","50YDkEw8zbhFZLB3vFDLsu27giFulRZxak3MYmQhvos=","ekZelkC6pbpQrAuzql86mC4qroOQ1MXhLXRTMWDUjp4=","NVPFzTCmNyPYV/XXsUXqGuDNcHq/AnUNQsrWw61ACZo=","+nqu3fT7+gHmrYyBjDD2y6LYKbNWlCSbt/E7Rw/feqg=","2LLYR/eEaq7pFMyqgC6eikNskkBonrctg3/lZfzlhMY=","etVzouperXe4EjZHFDUfG6NVWbuh6Aaxo67kMk33Ixw=","Wu9RtdrB80fojQjHytiudeAfyMicBHeIXa79Zt1GqSE=","TYkozY6hiJ+GGBrbOLtubWirSGDP9765wf+yY5r3tak=","ztQFo0vuvZETXNiFDVuS0KFc45jVjP3j0l1y0Dq+2nk=","ElHjyki5/l5Wz1Xc5pBNRwQmCWy3qvc2IC80Ol+Z8Fc=","VaVUPFeRnDfPlggBIT+q5h9HF/qe4KSEU6SpMbcosqM=","c36zJxC2OnltssZf/E5uC5ObgtGxBAzvMPNFGX18CwY=","dwECREZydlOBoGyG8FRbeXOwLdTKsP4BpMhp6FT111I=","TCiRtXcPBFI1s9LSsCZ8BoBlg0PhMwmivKyflE9tigE=","zgHWBT58KoMqGJb4ntd0xyznnZzGCHIyrspWWJm2vcg=","ZvjnXdRFYL61MM1wcxmTYHoLHsMrkKmg3KIFYQTlGUU=","9JXUn/eBHN8qjfxzuxUFnogdvRPDJjh9XLF4UtVujjw=","MjzlPNwPj/v5N9XERfs1PWEY8MFqnh/bZIrYBcpPEK4=","wkNG2h/hgw55LWBvlK+s2l7nbJMxFTwhJU9eHq2cnQI=","TvSbjVPgq9UDO1fM4L+mURqEzsJUvJrYaxrsVEeSGo4=","RyDNuru9ko2c0AnTQOOboxXUmHYXSAMuX5/EXe+AaGo=","uMSSGYnONwfsk+n3esbsMgEkIkucV71qJwiROrMro4o=","RYs9HBovDu10Pem5vg0iJENvxPpVk+/pKxuR8SnNL2o=","m0k+ddH+OCQAR93G+GXSi3QOeg7M6vxi3rE3/kR0w5Q=","70pitdfGRHivdsr9+e6zSvr4d6kyKGOhKD1YKgxBqu0=","qxBMLZMU0ZdOnxlYT9jbzLb4tFXykIgaH2lJhF4XsoU=","p1b/xWsHsryGzrJbGAC9NTXrqWZKf2F0XtkrJXJi20E="],"block_size":4096,"path":"build/backend.js"},{"block_hashes":["BOrb8h2VXQzDYpPsN3RPCbR+mUtQx3SzYhTZCBoZWkc="],"block_size":4096,"path":"build/background.js"},{"block_hashes":["nTyxa+sRioOZgmJh/Nwf5cB7iNtgK+1Ea3eQewSbmBU="],"block_size":4096,"path":"build/contentScript.js"},{"block_hashes":["o0eYBBRjdBDp+mEAw8sIniapUa9f1NLjYL2779ODBLU=","sMyndWNPWxXIVAb1gSJTBAWz9sVJmbC07Gl1etWDKrA="],"block_size":4096,"path":"build/inject.js"},{"block_hashes":["RkPFuoeWD+pZ3XhJzk/b2zw6IWwiu8fW9rlJicKfQl4="],"block_size":4096,"path":"build/main.js"},{"block_hashes":["Q19IHAKI2q3Qb9+80SSSUZXs+BhpKvHn+GbEHq7JUAw=","vmf5s+FYUdeo+daqoedRzhI6FJ2euF+gIhPZwazx8Z0=","mIv0wso5bTz5LSw3RBpmlqQbxhvt35645WXJ7wp8hnY=","svPNaN+NRYjCY9CHcKB56GLE7ug48s6mLzddVHo7BVE=","Qz6gjxfpT+YMWZWI4bimhhhv/LC0tIV497Jrpv8OO7Y=","73j1slQ0feRQ3DwCc7vUTe066sO3SvPSpBYk7XrEfY4=","vAxXKDnJQBSh45OeD5dn8bFKQIJL0jZFdqI9SJHud/Y=","WMcKizTZp5Hplfh6f5YKrxKYL4xZ/hKOo8PbEoeIRgA=","MGUI2l5/+2r6gOGV74lNzNmceGM/VelkiPKRS+/bvhI=","IYoQH+0JqF5HwtekHm/E7YnpypoIoyk+NEW1c4/r6Vk=","IuXXKDUvnPuE10Ts00B5Hy3IVWh5POS6qPDxGL83YNc=","/Jp8St+D8iNofAwvpaj3rT1qFgwROEfWPTs4w22KveE=","m+8cPFsaMLbpkxvL1gGIYbVR4oRc2emzHxbB1oitz+k=","xRlP2HLU1Ehl5pBDevF59l+xj/zN5oOufLkI871yq5Y=","OGQ6wafkjgGmlQI2TFfwMfWzIm/hONZsEPWV2vpjtEA=","nbr0akKf45XJ1VjXfuRtHzgmz/fwP5YjNrti+3cpAoU=","ESuDo7ubQXxcKd0+8kdKnbOZuimZu/iOrW1RhSU4JJY=","l1GOyLvdBB7piYdGKyqfF/keUooa4EsFGdzE7cGFYIk=","93bdw7b6JzKLbK74hdVDoMRKCAnJCGQ6vcg8HQRhcyw=","UFFsF8c+ZQ31j0cQ6kbcr8XAPsQ3HCPDjCo6TbZnRW4=","k2NFjhDDFT5T5vuy/FNdJ7uwFZKclYLcaOVLD3IegK0=","GjfEghuDMURVROqATG7gJcetAstyJ6q/wpslTrH6tkc=","2hlaeZcKEbnDVj8jjIHVsJonV0aIYp31Iy1RRpBgd2g=","iUkSUpxfUn33O1hr8LWOfW+VtnWIBMW09p00fLJhrcY=","iPK/gXoQSAdr5OQW1Og8/Y/S2MPDWJKBGtR1ov88X74=","L/fcEYRcX4Vv/7hFLA1mftguepdihIS7XjWlUDy7aIA=","zbkvl2rcDF4YsptSGugu5eDoW1vmlSRg234MOJfMsRY=","2c0t9yO2muMCzJj0uR5ZxlzKiMNcz7a1/CCrpwNtf2w=","z9HmjlWrOLL+U9b/2z3+AeHIxq84rzE74RhoPBuLmFU=","j2Hw2hz5t5Npb5gwhncqW9MZHG/PQJfdC4IHHE5XVno=","FAkrIXvzDyn1C6RfpP+RVvAUdpFDI19LNtPdHx9lhts=","oA6vOOMfy5JR0TA9p4qJb4M0A8TGQN+t5Q44uhF+Rj4=","TVuGiTemn+gUu6YHHMbg7Ce5Uch30NPxXj5AltmYPck=","jEuyqT5cKa0SrqTkYc+y0A2oZkPIPT2zhJZPmBlvTps=","B7rT9J7J22kplmansCNKP2jgD3SJAS6rlt92fLJLyjM=","iVe/ZL+7/x4frCOk97WqeE8J5Qf2Q4HZzzABmIwWRCk=","nK9qPjsG7cOWlvo5dTL81RSx3aUkZMuFWQ77bn9yayQ=","EcEzUWHJomHotVTSRYHIz60khWOTt8Dn5aq0fAl2FEw=","K2jItmSMb6eJwXfWVHwUah0iD3vYjYBUvQdGpRXctEQ=","NaAakm37gcdzeBDkMAE4z+6IOZZtH419spNb/RXYvUs=","NcaoOloZQo6rWwMYjClUAhhAErXIZd/4vF1LMicg1ww=","9q8DYg2TeanNUch7w4e49A82YP/vYd+7FDi94aIM8iU=","bbmAvvNumfGNwUCD+t4tknqO0ZJp2fwg6fdFdzx6FYU=","13nRejfKtXsfs/wTRQR5a98sM27lfy43utgY7fVdULs=","c2KS4kJLwJfSI08SlS9PlXjobcxIX/L3XrovlVa50RI=","Xb+MgfV+A+Cx+KJY2tYW2sC/Lq4focKRyCTwpFYgfWQ=","ffNEh8Evc7g8uov+wsCiJ2kP5eBC1sbq/skTgJ9M0Jk=","Tpt+I/rCpX6ofvNThZ5BQSPPGBBJGJmmGnBiFJVfGjY=","pWUk1wvQLJ1ndCJvhh5QC4RY325s4w6R5wBbaJXYi4U=","UTXOCVhCuea4gS+Z/8SSV5rA+ieRuUZC3w8AEgg9IWI=","D+n5Q7YHOGuJzd/yuQkPp+p0lqaB9u7kOTP36oOy5l0=","SxhhFBgLo0CVegcgSFDJuVNZFM11gPxsUWCSDgEIXNQ=","aDlLydK6X0we0F3S8PfpcG8HIkOtJAU917LsCKFoHp8=","/gV3QQIC43tRvQ/KZEjGyGmc2d50mcaWTSgyaKTfArA=","cBmunhy9Pgo5y9FYKXo15Sow8gaRYWRv5kCKfw9T0LU=","rhq6gFZbO+QK+sIEUmm4FrPqODmfVALNgGV6ctbTLkU=","FVLparkWVPe71FUafguRsskru098QPW+0jPrE8D1JJ8=","LCQLBpkgTxMUcI/x/kzIALcfbA+wQ9Y0d0s7aewv43Y=","CpLNTL2Si3GrxNNbX9wlxUAd0puT3Y0Km7I4vLblXu8=","8ZtZ3LAI7BSeYejpEf7dCLn09PcgPCAK7HaEqjxXnDY=","dJxlYBJ4lvQKVjCCBezxABaD4D+sszTHA3j9n5AyCko=","fpdDkXZmbuvZ/tIVBLCpxsI1ElCgkl+7Ff2gA0mPuJE=","mlsvCuTMVQdjmGxlZJAhWHS4a8ziWjqmIvv8a27NtcA=","wgv9I6iFO78fyUOn4ya/Fj7qyktWSCZIybSUPqMqlv4=","iND4pqYFCKaodOtt73DZZd00qhIboFY8tW4xmrNSh4g=","Lm+5bJFu6dH2qHcHPJWJQMp6IoLsSkL7T9cB1GVqltg=","13EM5GLxt4wNN03TggSXHLfToBj0Z4IBpV/vsFulcBQ=","mSLAHSVzLf7Ry091QRw1jjZMLP7HmZ9mySVAQ1DwJCI=","vLGV+l0ncEX/8+kkle5vFS+dckudv5Y2NKTOmdMnmxc=","F/dZxIb6mXVHx5I4elidkIPH9LPOGspb2D90sxZZE6g=","pkZfjnmIhXBAb6H1gBq3rpsUqdzSzXWJCez2Po++i/Q=","j1XoMYRSrrjQ9HqqwaWFgOhS2pMnZBLa5qrFyGYXNXY=","KeYDhJfaceThXSOUMbZ4nWPgS7k/rULDSu5ruKjkS+8=","Vzy2xB0QziCV1b2tLYdOrwEldYG0jjO6QS6rLOFqiOE=","bjKfMIZPbMgAamTA1poGhoa5fKZXQPJR2K3AkBmJhiI=","m9dggyBf35Pr1JFY0kqopBchnvaYzLGFwRkgc7DhSWI=","ZXp/XIuxJMgBOEc4ORG/qkabez4SrG8ZWzUf+9hntYY=","vdpQM57oU6WNuYp+0cq/1UUaV2yAyBBGKtJh2REfdLc=","O/ukqahFZfVjAhGgR8reB7XHTrqXvPt9CN9eqyo0HMY=","9bfFnydcilc61T5HQ7mr/WKpdXoYuEcrxYDhnI7m37Q=","SjBUp2N5Vklc2SJcAhfpo3OVBoR7XCcDY/qp3jxNrcU=","qzmDL5Ua0rQdjbmyTxaSr+GTzUkNSgcaFG3ihB0eZ3U=","sHESiiifnUeZdJMsMR9O2AIm6WJVJKrshoa13oSTbFA=","8LhEOmMLbgL0d7Xjs0zy9aYqjKI9sgg0gpFPGg/uUg4=","8Z5hZiYAnFj0vVhCGHqHQXX791KgH0nmKS0hXRNyyR8=","8nxQorFTZ2WmDnor1SyV7r/3RVW0CaP/e2LkTHllJWE=","ymJM1IkYx9tG1my4dMh5gQJA2UTbaIc4IhaqTcxapRY=","q6NOc9B6NH1H5FTEmmUl5R3aY8VGONcxfOZp99wXSuw=","M4giwpWGXQDlhIfYMX87AF3crPCrjH6Tqvzu46RhDlA=","u8yFw2rkI8YK0zrTBX5/5twMXEZNJdGAeZQWJmrkR1o=","ieJbgdaEWnMFv7NPp8UPqoQ5XLY9bIOlv0pIsWQj6eg=","lXwsNzunV+Z+AbEdviMeusLG1juOKoq1uQ+s5ozqpCE=","7PY0DoN8S8uxJsB3tygy7Wwi36Ok88oByWsToAynS+g=","V4InETF/yJ9P/qrGlqAnqeJbmqPDMkzd6LSKdEP7jpY=","CDNcGQWBJC6c4adLNlQ61W3Ah1k0n1imUDI1x0srUtY=","lqtgJGkqnHrOeSLsOFlKTfGdEKJ85UTBUGhTK8Er8rw=","pRam00SK1VQ8Dy/XLoobqlO4GCdU6FO5XlAsHcBryl4=","AWr9F/HTMhyMySgugq5MWkRXJGjcr9Gdsi85FQYdA4Y=","5F0eFib53mniaEyOl9xp2qxca0TTXn4oVILU4yg4GgU=","WTDKW3xBXZbxhnysbTXC9BMqIW9P727Zuk4uZ3NWw4w=","DHdki+A46ZkRq0hEwNqrCzDCk6khO/3BsasdKdiHkxY=","fIiql25JiQO8x/vIwtdBS06CDeZDQoWI156Hk3YVg+I=","5T7xUgaIhtjyUMf8xD6C74Yyxs6kaeAnMQCQ/18tezo=","DjZWlQO3bod995PPSDUFLtMwQuf6pvTSdK8IZQL1bRg=","UpT+ibaN2jsyCwiW3cnrBfAipFJEX6flVQeKaRbLFPE=","9kJL0YJ0K0bPTS1vNsOmoGtvhIrV8UXoPXOXuzQkoTs=","pxUlFidKSyeNH06s/6SqmjDkkD0+9/tMexNx21xrICI=","BTdmbSEkdDazZt3NSBXFapyf9L6CY/I8NM5rR3gBhIY=","L4iIE74ofciLAZkD6jHPKm0oITVcpLH20/b6JJv1374=","HjNm2aoIonZTeOEm8sw2YaP2sN7xYopTsOL+Rv0DG7o=","fd370u4eIHnZdpcDDt+//HSEZ36k84/1y4+6VIRDt5s=","w00n1cWuw8vNtrsWesuWEcLCLGPrO3HeJYGgwpkxEok=","eB+PurKXrwS6uQKu7R908BVbpAKkf28apJuoTCqpWdw=","UEIv4UcjdvRwH4ZpW1aI2PAXyiNMj1Y4RgGjw9MGXek=","LUH1UtuI4rp8OXYdz5exxuSIJLeLyaew/qPtezxf/pM=","pkgUrYB7aa3xVRPXxUh5Znwt/D2mmCLqH0PKscO/iJ8=","JV8B/Q/3BiztkanT9Ovg4gnHKbXfneQv3NDTBr3Ylok=","PFNj8R9CMurY8XfANO0TGrHXmfG/dseAtzVRk1DWk08=","WOtEc+Hf1EyaswI3mAg+fOGSz0WqGB9DcAdWfwdXXAY=","PZkWH4pl8+EVOtYG1AhOd27M0Lgp+iks37W40U7o+MA=","0pXPF4Y1wa5t9CxN20A2siJgdbbWI0EhwycYA3i0TO4=","rcNnc2wAP1mueXWNtmnlz7ik+7A4DCEAOkW9AY66TXk=","uRhgCzSqU+1i5JPSINad6iDn/WEmtMmOv50WLloiDqc=","914IQE8Utgs3RwZME3TkE2CPsHP7aoPyDVM31036nmo=","OIa5U9qqlzzvqJOB6DEqTk7P/j3nr6Wkh6Qb3iU9RBI=","cN7+UhMKN4s+IXG0oiZQ3WsyRjBtbxrXphCGaanhVTw=","2qft+BUN11noKjI5jSi+KE/Yso+Ox1pZ+/60Pm24KoQ=","41k1MBNC7NNUvfpIUM1TYnKqPHt+Q0nYLo/1C9UTAUE=","zG7LGCgwUJxcxNbbdgNvSVAqHlO4QlNHb0YiSCdCA5Y=","F9u6+FTyJgEHQYpuKEQJi2IdzrgZh8+AEMqA98yH5oM=","u0JHyAMBTCPPIOvW6+yZ+BbTgao8QU4Uu63uOZnwOBo=","IhenvkdCXrqXk8vCf6P+LPCPhr+qBpG+3dHrhqfVQ1M=","Sbpis0rWk6RjGERzcH2tvp0WhZo2koodBDxDoMc0grg=","EQR0IjP/0A4SBQvXz6dTDMv62UPOc89jYBBB1nT2wF0=","sD7IsBBl6/Lpp6SJnPwIwWipXdCkrJ2GA8+ECOMokl8=","w1VjuFf4t/HrAtQQKckYeebmZ3XVvgjzHURc7OVOsaQ=","iy9D4bEH1fCbvCyCV7kIzLWLMLWWBvxa9+cAABYCaJg=","JIqMNKUo2vQ8Id63mMex2xad5ksY9iz18SMEpn3LN4k=","6WkUgm9ic1s4hsgdkncMmHrwN+W7N0IvWl8FWo2br7U=","+tTxryDRyuiXjjJ1GDOLgA0/q8Hx0ZeVk1hveun4i4U=","tJCHWhNgE2/g3xhHsA2r2c22nmigWX1Gcd4y/f4AZgo=","Dtr25h6jPAUJpvJrO2eugdgeKvwguJHEvX8d4nyMY5c=","s0g6dYXl9XYpZU/ZwJtRbkp4Q51vyNyXrP4Ow0kWSS4=","fwrWKkQkJ/aGtbYH9DeyQaNSgf+kbdu/6o+TvmBtgio=","Yot+SanU6BRoMkHtvCuECvf1x/HJEcvu8w48gMRlnnw=","n3Fl3wt1HP01lqpwjF82EIAKRSqAO5C41qqH90S7E/k=","sxlnnwopGMfo7T3L1GsneMgxdrEVxwpSvHEXXMb7Fok=","0bKjEu4G4667idB7EHxATYG+2EQkHDXci0bczoK4WdU=","yWacPV3IFmkmelRrn9BMtevpJR2nHBSypN2nFvzD4MM=","RyPCM5W5NxXQiVz5Br9V6ARaWnVbi76Zd9awr+Bh0go=","H5hj+BV07qO/ZD99Z3+ZWFyjbteDMhMG/pmrgnr2q1E=","1hW058IWdoevdo9fcWiSd6ljBpTSjINeUFCRFuRzTds="],"block_size":4096,"path":"build/panel.js"},{"block_hashes":["0WTveHSmUeTH421fRTviI8iDjkFwqvSP/ZrygTnn9Jw=","jluXLKeIDib585A6U3L9OuR6achfXG7jkQKTaWss4Lg="],"block_size":4096,"path":"icons/128-deadcode.png"},{"block_hashes":["0WTveHSmUeTH421fRTviI8iDjkFwqvSP/ZrygTnn9Jw=","jluXLKeIDib585A6U3L9OuR6achfXG7jkQKTaWss4Lg="],"block_size":4096,"path":"icons/128-development.png"},{"block_hashes":["o48eP1/U+UzYPhyduXRBFq4ENdhDJXgIayXQZKhEQE4=","PCo9+9BpXREZrg2b1B35OB0d31pPebAj8u+mKC/kDvg="],"block_size":4096,"path":"icons/128-outdated.png"},{"block_hashes":["0WTveHSmUeTH421fRTviI8iDjkFwqvSP/ZrygTnn9Jw=","jluXLKeIDib585A6U3L9OuR6achfXG7jkQKTaWss4Lg="],"block_size":4096,"path":"icons/128-unminified.png"},{"block_hashes":["/bxiVxniBpe1DnBH1tk4CjXdajwxkP3hRnpHd5DALEI="],"block_size":4096,"path":"icons/16-deadcode.png"},{"block_hashes":["/bxiVxniBpe1DnBH1tk4CjXdajwxkP3hRnpHd5DALEI="],"block_size":4096,"path":"icons/16-development.png"},{"block_hashes":["/EWeZHyZk064lP2X/cY2GpquGBHjzCqNy3Vtsv1/5aE="],"block_size":4096,"path":"icons/16-outdated.png"},{"block_hashes":["/bxiVxniBpe1DnBH1tk4CjXdajwxkP3hRnpHd5DALEI="],"block_size":4096,"path":"icons/16-unminified.png"},{"block_hashes":["99Z6YdK/lL9iQYyMUHIpOVRSWJ6nYAD62lxRCk0/dSI="],"block_size":4096,"path":"icons/32-deadcode.png"},{"block_hashes":["99Z6YdK/lL9iQYyMUHIpOVRSWJ6nYAD62lxRCk0/dSI="],"block_size":4096,"path":"icons/32-development.png"},{"block_hashes":["BVKH+nq22PyP7Kf/eAqXx7U3S9g32F+p+lqUQ56pFl0="],"block_size":4096,"path":"icons/32-outdated.png"},{"block_hashes":["99Z6YdK/lL9iQYyMUHIpOVRSWJ6nYAD62lxRCk0/dSI="],"block_size":4096,"path":"icons/32-unminified.png"},{"block_hashes":["gGrqVraNIx7bz3IZm3t1BqopXHTTAOmwFSxzqtXhfB8="],"block_size":4096,"path":"icons/48-deadcode.png"},{"block_hashes":["gGrqVraNIx7bz3IZm3t1BqopXHTTAOmwFSxzqtXhfB8="],"block_size":4096,"path":"icons/48-development.png"},{"block_hashes":["xtV8STAVn6W52Yp9h2qtwGrGrW9x+71GE4QFg26zFoo="],"block_size":4096,"path":"icons/48-outdated.png"},{"block_hashes":["gGrqVraNIx7bz3IZm3t1BqopXHTTAOmwFSxzqtXhfB8="],"block_size":4096,"path":"icons/48-unminified.png"},{"block_hashes":["rMZnMyVDzUkQl7KB/TW9Sb9DV2jUyyq49Xl0AHJ1YxM="],"block_size":4096,"path":"icons/deadcode.svg"},{"block_hashes":["rMZnMyVDzUkQl7KB/TW9Sb9DV2jUyyq49Xl0AHJ1YxM="],"block_size":4096,"path":"icons/development.svg"},{"block_hashes":["J5MQwt/ocfP2qHXvPVz7iSLTf67rnBJ+wxKu6+HFHNM="],"block_size":4096,"path":"icons/disabled.svg"},{"block_hashes":["193k33vjSLNB1NgMqH4i+R76axGyy+UmUTSIbhZvSJI="],"block_size":4096,"path":"icons/outdated.svg"},{"block_hashes":["EPxpqHAOHG9pQKG1rXzTIfcvq/jMF1SLQGx5oTdbaP8="],"block_size":4096,"path":"icons/production.svg"},{"block_hashes":["s79DjXDmvx7mgrHVMrjhwrg4Y7IF2wbnQLDruCKhTYM="],"block_size":4096,"path":"main.html"},{"block_hashes":["IBOJOrDxkA2AFuIHOB2A2e+8h1EhWVG5FOUWpK3TIH4="],"block_size":4096,"path":"panel.html"},{"block_hashes":["sHpnIEYx8yHZ2p98z7drW8vDSBmRQaiwxj8ra7t49Jo="],"block_size":4096,"path":"popups/deadcode.html"},{"block_hashes":["L9493Jmv5rrTObfCYINl2bXrI4GqjwNqqDlLyajl/ys="],"block_size":4096,"path":"popups/development.html"},{"block_hashes":["dkqY+sSd+Fzo9qDi/m7Z4llgCOyKEGPfTJz0Fv7pDCI="],"block_size":4096,"path":"popups/disabled.html"},{"block_hashes":["DcUMqtUoH2c4yF9yAyvTDpqw8MXKtY4AJ8UTbIwdD3g="],"block_size":4096,"path":"popups/outdated.html"},{"block_hashes":["KuQwcmT9vp8GJ3KtmBDctykt89dS+eni1/RKFAvlwL8="],"block_size":4096,"path":"popups/production.html"},{"block_hashes":["ir0ZHW3KhQi+EU74m7grow19nf1ZO1fg3xTcnfKRzuI="],"block_size":4096,"path":"popups/shared.js"},{"block_hashes":["coE9svdx2Yp800YwkMvaZVFlo1Uu3gapd8ftY9HnUjc="],"block_size":4096,"path":"popups/unminified.html"}],"version":2}