{"file_hashes":[{"block_hashes":["XXlJneQPT4rawlg2ipk2pGqe2gZRQ7z29XQxVAgooUc="],"block_size":4096,"path":"_locales/no/messages.json"},{"block_hashes":["FzXpq5BHjwz1gVkhNjgwpDCvqWpBCcleDTVmXmW1Bs0=","YJGDKCE4EAcoMDyMv5jbuTXS2hyTXQIWTZVRkxGqKow=","R+2dleaYgZvvX1TpZbrFm8V5xpZ7totV19dzo8GQHJY=","lqgh69unk75m446PyC9xm974Wyg5U29rYILv+HMpytE=","4fOzdCF+HyQJRH6Igr5dctkfpC9XghCqxv/F3FtiDjc=","5Z3iREV73csSa0EPAsAaPbGZ/e5oPdz4xx8vjzLNysQ=","werK3Kl77/EVnDwH7q8TXD5T7gq0V5Zh2qDCaawwfyY=","peRtK9DZBGQC4hK9Soo5Ec5IbpqUcjlQWXaqZGgZ6YY=","HkmqIIu7H3FXIh0a+hf9DwnZUlU5cugqsVQlbmu+3MM=","ubbRn1CWqH/6MRZM1dZYKIBLxWGPRpyharBv5/zjF0o=","d3pC4+tsM9YXhs7PwEfP9KPzA5sEXAAPJ4w3pyzhg4s=","oqVC1x0igM0oF8zW22wbBA3dhZLxuRbHSDmDYt1mju0=","RhvWgEJ3rzXM+PdTJWyk7BH15QSL0/ieOyh+ygcMl8E=","IxuJkJ4+/Rgi1yCLxXwoGUujBn4pKRuC0m5QqTTH5TI=","Acd1/uACtxZMPkOAGiOogoCNGIAv0vKuqTmbE3lU+q0=","pHmxgE3sNCv6Gf7XxDM0MSUog54XFEodBaYxmMi4lR4=","2YhHqcgH935WxYtPH8SDunlSDZrjgbPE6Y9QIgroHto=","bk5nEm0ceSJ2LGacCBzKdnl+Qi0YQnreTZkktnEDFXk=","/2xqpMrHg8vo+Z6PtkS5C31qrZSGMIBq2ZIle3u+U60=","u3m1CEvOSJkOc9y6aqlEc2CQ0Nb9Pdq7DVwYaqfJze8=","5V+H1iVZPMzDXApaB/WE5eqA1+mj6u8AKSMcMAq7MXI=","ARHr6h7IblcMHB8WaZWzYXHLCWsiFJBDEMW7b09NgSo=","aCY0e3eaLl1xTlujiK4rTJ7dGHH1OU5FK0WZdhNGg54=","Emq/Len48RIXr1Ui3l+2bVxjgyPT0/SJI3c3in/VzBs=","ZIQWZsQQ3oDZGQEgu4VfAWV1e4KgjPqXWuq8QMHL2Yw=","605m66VCxvGD67T0FopxJ00qirhzOmPVGQfcVUPc6As=","psbSQFQq29uoq4hNwZHNiZK0uDN5/oVBR6ctIjM8e88=","MBOkJHCbFEiS7jrqdyISF/CKFxH20YsRwu+MmLwKQrw="],"block_size":4096,"path":"bubble_compiled.js"},{"block_hashes":["ot+OpfZa9ek0iLI9iLgsckBgJ+JKFeWVpvyH+LcW9gU=","YOQ1taFyvNHWn16Qc3aJQYkp4nOjEd7mex6sKwdyqKU="],"block_size":4096,"path":"bubble_gss.css"},{"block_hashes":["eHY54+gWylVJAEfGKjIODnwM385EQHuu4dCt/1fNFSI="],"block_size":4096,"path":"icons/audio.png"},{"block_hashes":["YIN503oWSkBrd+gwZqSc5sK2Dt5NTPkyOcVzWOdhYuI="],"block_size":4096,"path":"icons/new_translation.png"},{"block_hashes":["kNUH5n+WnYU9XGpxmICKrB+8vapzHzhgidfphWvJhZc="],"block_size":4096,"path":"injection.js"},{"block_hashes":["czC6fKBEW1f8MYdmVGaI+prS3CW3oXEdHg1eQlKE5B0=","UsjRZUcK3nvrTHsXDpSNeOVlZwJylJGxKwULbBWxQR0=","RCLlmILLdcXeFof/wxWDHunreTh1UfQmDnR7vy0M/Cg=","8d5+TQZItPFqmUMQ7Rq8Gi935cCYaZ8Myi15uf5EbNU=","cfaI/nUnEmiz9TRktTZzHZe/gRFEtWmu0kYf82agHk0="],"block_size":4096,"path":"main_compiled.js"},{"block_hashes":["Dddo0rigCGaSfQC9i2nSUrjuy6KcHxS24z7zds2tOfA="],"block_size":4096,"path":"options.html"},{"block_hashes":["b+Kf56JjZ+n6dfL3Sg/r7rVqcgCjIIuEdAvTIQk19dY=","V628teJ7AG99hBflPAfbA1cs7vyAC+xd02Tquey+4hw=","G5GGd/6m/ee0RmV/L/xUrQymYQQmrGyci4qlvhHrTJ0=","aYLJyTM33wsL9VIDf2CDry6oqZxFX3IahyJ9OuDRFJU=","D287rToecDvFt0HuAJ5vdvYjSp8IiVc/LSBWa0RCfMw=","BOeTQgRT0A1xxMJWYnh0F+pVyW8kWbZZYDUvePmkSTw=","yxcfmMrVI7RBpYym5hXcX7g3ob7z3FHLTjhkZQRCjr4=","j3O8W+zG7v5RcJpN2YRDStP5uTGv82Lp+bvsY6y1hwA=","lA8DgI7Rs0Awh1177Atiyfn5m7J7YDsYDZTgxNzc0rg=","diXExs41jxEkjePiEOuOVt8OumhA3t0zNSlMiulPeWw=","f5fBVxdhH+KaL+mFQtGwiJXzIxVz8UKU9fx56A0d2Do=","80uidcFVrRWB9XFbg5JoHEAS8khencPlsFaOnYgdtb8=","Or5h/rKDiE2KywHl8iq4fgUxdfRRyFhAd52XYA+7kGo=","kkTK0oHOEIYq7wFAjyw8XGbmOPqQyxTVflyjkqd+DQg=","UnRYP7c8Ao7YUlHnP+fYmz7e3WmgivmtWKEJFjMvpV0=","gfjlWroEEaXZlP2Km724DHQJdCv90Trncjf36oYvDZE=","Qsbtt+zakdlqQFXtJcFhc30nnew3mRkDbC2Aj7lXbgs="],"block_size":4096,"path":"options_compiled.js"},{"block_hashes":["WywWWHSq4l2fXRxnJ9DQUojWTD0EtMpVs5Sw6T7DyXo=","MIG+O39PJl7s+tMzHRpIawnyprL4DDK2DXdBcLxkddQ=","I9C/umcbRoXXD/68R6eGkibCtt958AhsEuPYJufUXPo=","cd2uBwgbtrF4cwWSA9oRTl++JXtpSKCdqgJSuq7YhFI=","1sogMyMcIhEq6in2lBnCSTU0CCzs4ZXp4/wSM+5QEcQ=","MqKgJ3JmyDijFg4EsN+ocZ0Li9TFw932lZVeiDVO7lI=","6x98AzI226aweo1iWm/LU7rzMuahpoOFRk8o14eZazQ="],"block_size":4096,"path":"options_css_compiled.css"},{"block_hashes":["0vgfrbPL2b8hszdao2keYGkXZdHZUONcYtVJiULyUao="],"block_size":4096,"path":"popup.html"},{"block_hashes":["MR16hI9gxCzo7tKV0GF96IJRR6Nz7bFl4joAt5+nplQ=","7GD0nitW9ppLZKCLPT9wCx3+h3PgZZdYFKmrRpGQPlc=","SYivX02BTiwmtexqsEHOtYjVqJH6VhglgLpVeNsWriY=","OZs3PM6MnPY2tkE2fJJy82PLYXX2hOfjsdJ9WKXkCTY=","flYcldttlb1egtixKaZ7g4XTu8kZCYkpmPj7NTcTC5g=","ZhSyVzvfaqqgGdztKHjzR7SRC6U4IJ8Fl0Ck2nH9OYU=","hV0ehmtTZR8R+gSgCwifsXtcG0q99wMU0U8Mx/LxoKA=","D+4QnvMbcYPQIBNgLamrVX++8twWFlrD3Z2+Id4FMA4=","7FFKMDWtXe24tVi56fBbMGItqSiyJqyNPXIX4ILwvdE=","Xf95BhNYAG7T13gjOIVWc/cty+kXUg7tWjopR+HvASA=","oscAQhysrlRLnWt+gwKtQDhek1dxmHaD1gh5BCj+C/Y=","/ahmVRagxP8fodsO3vNCnx/GD+qAM2m/74K37Uzxhfo=","IXbTy4B4PeEkz8v8+cfFYgOaQ3XURhAMwtfn2Km29Es=","6QrzytSJlc5XtGY9ryzLmjY94JF6ztiLvURQ5FBDvWs=","/MAhF+CMzk6Sgt+AEFsRE6I8TBfejDMbDZ1BUhtw+HM=","hfVHqkBdpx4bcp1zWYXIYSsr+qcCUnPAWqQrFg89ovc=","1HTBJDQY1Yo2Ov/rGLkKUkcs5oqAGPFvpRCtyUZf5Vo=","kB0qSmXhA2o/s/sBNOrRe7yzVq03wPpqVjUU4RHuKPU=","TqR/ublYoMKxtQQIdax8tEq/3e7757sH+kFOhuUPF+A=","E2aaVUxlLGA2OYuEl+UwXzGo+eRIH7i/Q8KdB3zE/kU=","P27/FRp21Yetp26MO5J/Nd7nXCxkC4vUXvWVbhW+p1Y=","MC8fMHZvHj/SGRl1fAmYDgXFLKkAh+d1l9o/F7wPAc4="],"block_size":4096,"path":"popup_compiled.js"},{"block_hashes":["WywWWHSq4l2fXRxnJ9DQUojWTD0EtMpVs5Sw6T7DyXo=","MIG+O39PJl7s+tMzHRpIawnyprL4DDK2DXdBcLxkddQ=","I9C/umcbRoXXD/68R6eGkibCtt958AhsEuPYJufUXPo=","cd2uBwgbtrF4cwWSA9oRTl++JXtpSKCdqgJSuq7YhFI=","gdZgba6TBZy/Hqu3Hlwauzqp8wIl5bihbVO734+q+ug=","ibi6P7BrGEEYQ4uVsmp/cotbIlD1SjmUpglIoCltAxc="],"block_size":4096,"path":"popup_css_compiled.css"}],"version":2}