{"file_hashes":[{"block_hashes":["JB5WI35hTSQ054Fvm+NKHLRAn2sIit/SdhMH+KbyfKw="],"block_size":4096,"path":"background.html"},{"block_hashes":["SQm2z8ypKgLR0MlzMwkpHmyp9CDY+nUR9Jql6k4PMzE=","53GQbw1fl3hi3G1dyZJDrhjsa4AId9Jsn9bRsrqVQgY="],"block_size":4096,"path":"background.min.js"},{"block_hashes":["5V6Ks7HImtSEuH6EyEMyp63SoPwr2ydoB7zfjlF0dGo="],"block_size":4096,"path":"browser_action.html"},{"block_hashes":["bRttj8rLcSPYsjsEa2eUibB+93snL3brLuG9hZWtu5Y="],"block_size":4096,"path":"browser_action.min.css"},{"block_hashes":["a+R1yBqxo9fgiD4n6rIGdLWOlnFiEJn8qnvD/SAdZLA="],"block_size":4096,"path":"browser_action.min.js"},{"block_hashes":["18Dpgnvs7eHqmrXtBb/xrtzvcaYvad/X1aHpLHQSt2g="],"block_size":4096,"path":"common.min.css"},{"block_hashes":["Mn2iJvjKHjUS0L+p1RtwylHfZtT2CkHPyQqHgZSL3Fc="],"block_size":4096,"path":"content.min.css"},{"block_hashes":["jzE1YPw4u7GcKeuMuRrRs9pXrTQJ7rj1EtkouKYQ0QU=","IezGBdaFLf5pTaFaC0rSID9NjfLJaNPPqgYu0cr+G8k="],"block_size":4096,"path":"content.min.js"},{"block_hashes":["hXyc9RxKqXpPcT7v/72qdA+GFjygx5tC+rr0mjDhw30="],"block_size":4096,"path":"ga.js"},{"block_hashes":["0ICHxK6+edmYtpj//RjF33mfe/+D4FLPKflA/5xtdwY="],"block_size":4096,"path":"lang_map.min.js"},{"block_hashes":["hm5ehVUBMZX5dEkDZMU4QaPmF+jd3bgjtB84CNJa7gE=","sKVZKZEBfXY/EN7pDuufgG0VDgA5K6e8CsTTxXO79Sw=","wRWaLgZJGPMbF6Bn5OtGjKVd1n6Ieq/0RSA8O4os/C4=","ep9dyt5Dr+J4F7MZvmgXc7s3yOlSbj95v9iOe0sYgYk=","HeQiM5cowPgcdfynhwYQxGLtTHzD4L9vGBworMj3VSU=","j6OSj1nHyZiquAntvcC8EseXPLQVuJf7bOchye75/rU="],"block_size":4096,"path":"mustache.js"},{"block_hashes":["XC/+kopPAkI2OBsQXI3Gw7F41h07XTigpeD0Ag4O3+s=","yYS8qmOs1g2Y9ATab7OevcSnCtKiLWkFS9DGeHt1RlU="],"block_size":4096,"path":"options.html"},{"block_hashes":["dNokJiQ2hHK+6VfA93FSkKSUm3WZhLeL5EY5Xrc3Deo="],"block_size":4096,"path":"options.min.css"},{"block_hashes":["1vvgUa7/oqDdcKHmwSPfQaz0gBlKSQkDtExGhZth+ds="],"block_size":4096,"path":"options.min.js"},{"block_hashes":["GPdllLcf14keD52/ExPUWaAP8lDkpj7W7cutbxsPtMc="],"block_size":4096,"path":"static/dictionary_logo.gif"},{"block_hashes":["X+9WNC6sVaPQCyIxCe9+DcUR/mDYnsgpuAwjkQwCC1s="],"block_size":4096,"path":"templates/browser_action_dict.html"},{"block_hashes":["S6nBFuuBnWlY5uTCgKqKjDIGcGc+oR7gZWLboR788+c="],"block_size":4096,"path":"templates/browser_action_tran.html"}],"version":2}