[
  {
    "id": "ar-g1",
    "locale": "ar",
    "dots": "6",
    "grade": "1",
    "fileNames": "ar-ar-g1.utb"
  },
  {
    "id": "bg-comp8",
    "locale": "bg",
    "dots": "8",
    "fileNames": "bg.ctb"
  },
  {
    "id": "ca-g1",
    "locale": "ca",
    "dots": "6",
    "grade": "1",
    "fileNames": "ca-g1.ctb"
  },
  {
    "id": "cs-g1",
    "locale": "cs",
    "dots": "6",
    "grade": "1",
    "fileNames": "cs-g1.ctb"
  },
  {
    "id": "da-comp8",
    "locale": "da",
    "dots": "8",
    "fileNames": "da-dk-g18.utb"
  },
  {
    "id": "da-g1",
    "locale": "da",
    "dots": "6",
    "grade": 1,
    "fileNames": "da-dk-g16.utb"
  },
  {
    "id": "da-g2",
    "locale": "da",
    "dots": "6",
    "grade": 2,
    "fileNames": "da-dk-g26.ctb"
  },
  {
    "id": "de-CH-g0",
    "locale": "de_CH",
    "dots": "6",
    "grade": "0",
    "fileNames": "de-ch-g0.utb"
  },
  {
    "id": "de-CH-g1",
    "locale": "de_CH",
    "dots": "6",
    "grade": "1",
    "fileNames": "de-ch-g1.ctb"
  },
  {
    "id": "de-CH-g2",
    "locale": "de_CH",
    "dots": "6",
    "grade": "2",
    "fileNames": "de-ch-g2.ctb"
  },
  {
    "id": "de-DE-g0",
    "locale": "de_DE",
    "dots": "6",
    "grade": "0",
    "fileNames": "de-de-g0.utb"
  },
  {
    "id": "de-DE-g1",
    "locale": "de_DE",
    "dots": "6",
    "grade": "1",
    "fileNames": "de-de-g1.ctb"
  },
  {
    "id": "de-DE-g2",
    "locale": "de_DE",
    "dots": "6",
    "grade": "2",
    "fileNames": "de-de-g2.ctb"
  },
  {
    "id": "de-comp8",
    "locale": "de",
    "dots": "8",
    "fileNames": "de-de-comp8.ctb"
  },
  {
    "id": "el-g1",
    "locale": "el",
    "dots": "6",
    "grade": "1",
    "fileNames": "gr-gr-g1.utb"
  },
  {
    "id": "en-CA-comp8",
    "locale": "en_CA",
    "dots": "8",
    "fileNames": "en_CA.ctb"
  },
  {
    "id": "en-GB-comp8",
    "locale": "en_GB",
    "dots": "8",
    "fileNames": "en-gb-comp8.ctb"
  },
  {
    "id": "en-GB-g1",
    "locale": "en_GB",
    "dots": "6",
    "grade": "1",
    "fileNames": "en-gb-g1.utb"
  },
  {
    "id": "en-GB-g2",
    "locale": "en_GB",
    "dots": "6",
    "grade": "2",
    "fileNames": "en-GB-g2.ctb"
  },
  {
    "id": "en-UEB-g1",
    "locale": "en",
    "variant": "UEB",
    "dots": "6",
    "grade": 1,
    "fileNames": "en-ueb-g1.ctb"
  },
  {
    "id": "en-UEB-g2",
    "locale": "en",
    "variant": "UEB",
    "dots": "6",
    "grade": 2,
    "fileNames": "en-ueb-g2.ctb"
  },
  {
    "id": "en-US-comp8",
    "locale": "en_US",
    "dots": "8",
    "fileNames": "en-us-comp8.ctb"
  },
  {
    "id": "en-US-g1",
    "locale": "en_US",
    "dots": "6",
    "grade": "1",
    "fileNames": "en-us-g1.ctb"
  },
  {
    "id": "en-US-g2",
    "locale": "en_US",
    "dots": "6",
    "grade": "2",
    "fileNames": "en-us-g2.ctb"
  },
  {
    "id": "es-comp8",
    "locale": "es",
    "dots": "8",
    "fileNames": "Es-Es-G0.utb"
  },
  {
    "id": "es-g1",
    "locale": "es",
    "dots": "6",
    "grade": "1",
    "fileNames": "es-g1.ctb"
  },
  {
    "id": "et-comp8",
    "locale": "et",
    "dots": "8",
    "fileNames": "et-g0.utb"
  },
  {
    "id": "fr-CA-g1",
    "locale": "fr_CA",
    "dots": "6",
    "grade": "1",
    "fileNames": "fr-ca-g1.utb"
  },
  {
    "id": "fr-CA-g2",
    "locale": "fr_CA",
    "dots": "6",
    "grade": "2",
    "fileNames": "Fr-Ca-g2.ctb"
  },
  {
    "id": "fr-FR-g1",
    "locale": "fr_FR",
    "dots": "6",
    "grade": "1",
    "fileNames": "fr-fr-g1.utb"
  },
  {
    "id": "fr-FR-g2",
    "locale": "fr_FR",
    "dots": "6",
    "grade": "2",
    "fileNames": "Fr-Fr-g2.ctb"
  },
  {
    "id": "fr-comp8",
    "locale": "fr",
    "dots": "8",
    "fileNames": "fr-2007.ctb"
  },
  {
    "id": "fi-comp8",
    "locale": "fi",
    "dots": "8",
    "fileNames": "fi-fi-8dot.ctb"
  },
  {
    "id": "he-comp8",
    "locale": "he",
    "dots": "8",
    "fileNames": "he.ctb"
  },
  {
    "id": "hi-g1",
    "locale": "hi",
    "dots": "6",
    "grade": "1",
    "fileNames": "hi-in-g1.utb"
  },
  {
    "id": "hr-comp8",
    "locale": "hr",
    "dots": "8",
    "fileNames": "hr.ctb"
  },
  {
    "id": "hu-comp8",
    "locale": "hu",
    "dots": "8",
    "fileNames": "hu-hu-comp8.ctb"
  },
  {
    "id": "hu-g1",
    "locale": "hu",
    "dots": "6",
    "grade": "1",
    "fileNames": "hu-hu-g1.ctb"
  },
  {
    "id": "is-comp8",
    "locale": "is",
    "dots": "8",
    "fileNames": "is.ctb"
  },
  {
    "id": "it-comp8",
    "locale": "it",
    "dots": "8",
    "fileNames": "it-it-comp8.utb"
  },
  {
    "id": "it-g1",
    "locale": "it",
    "dots": "6",
    "grade": "1",
    "fileNames": "it-it-comp6.utb"
  },
  {
    "id": "ko-g1",
    "locale": "ko",
    "dots": "6",
    "grade": 1,
    "fileNames": "ko-g1.ctb"
  },
  {
    "id": "ko-g2",
    "locale": "ko",
    "dots": "6",
    "grade": 2,
    "fileNames": "ko-g2.ctb"
  },
  {
    "id": "lv-g1",
    "locale": "lv",
    "dots": "6",
    "grade": "1",
    "fileNames": "Lv-Lv-g1.utb"
  },
  {
    "id": "lt-comp8",
    "locale": "lt",
    "dots": "8",
    "fileNames": "lt.ctb"
  },
  {
    "id": "nb-comp8",
    "locale": "nb",
    "dots": "8",
    "fileNames": "no-no.ctb"
  },
  {
    "id": "nb-g0",
    "locale": "nb",
    "dots": "6",
    "grade": "0",
    "fileNames": "no-no-g0.utb"
  },
  {
    "id": "nb-g1",
    "locale": "nb",
    "dots": "6",
    "grade": "1",
    "fileNames": "no-no-g1.ctb"
  },
  {
    "id": "nb-g2",
    "locale": "nb",
    "dots": "6",
    "grade": "2",
    "fileNames": "no-no-g2.ctb"
  },
  {
    "id": "nb-g3",
    "locale": "nb",
    "dots": "6",
    "grade": "3",
    "fileNames": "no-no-g3.ctb"
  },
  {
    "id": "nl-g1",
    "locale": "nl",
    "dots": "6",
    "grade": "1",
    "fileNames": "Nl-Nl-g1.utb"
  },
  {
    "id": "pl-g1",
    "locale": "pl",
    "dots": "6",
    "grade": "1",
    "fileNames": "Pl-Pl-g1.utb"
  },
  {
    "id": "pt-comp8",
    "locale": "pt",
    "dots": "8",
    "fileNames": "pt-pt-comp8.ctb"
  },
  {
    "id": "pt-g1",
    "locale": "pt",
    "dots": "6",
    "grade": "1",
    "fileNames": "pt-pt-g1.utb"
  },
  {
    "id": "pt-g2",
    "locale": "pt",
    "dots": "6",
    "grade": "2",
    "fileNames": "pt-pt-g2.ctb"
  },
  {
    "id": "ro-comp8",
    "locale": "ro",
    "dots": "8",
    "fileNames": "ro.ctb"
  },
  {
    "id": "ru-comp8",
    "locale": "ru",
    "dots": "8",
    "fileNames": "ru-compbrl.ctb"
  },
  {
    "id": "ru-g1",
    "locale": "ru",
    "dots": "6",
    "grade": "1",
    "fileNames": "ru-litbrl.ctb"
  },
  {
    "id": "sk-g1",
    "locale": "sk",
    "dots": "6",
    "grade": "1",
    "fileNames": "sk-sk-g1.utb"
  },
  {
    "id": "sl-comp8",
    "locale": "sl",
    "dots": "8",
    "fileNames": "sl-si-comp8.ctb"
  },
  {
    "id": "sl-g1",
    "locale": "sl",
    "dots": "6",
    "grade": "1",
    "fileNames": "sl-si-g1.utb"
  },
  {
    "id": "sr-g1",
    "locale": "sr",
    "dots": "6",
    "grade": "1",
    "fileNames": "sr-g1.ctb"
  },
  {
    "id": "sv-comp8",
    "locale": "sv",
    "dots": "8",
    "fileNames": "sv-1996.ctb"
  },
  {
    "id": "sv-g1",
    "locale": "sv",
    "dots": "6",
    "grade": "1",
    "fileNames": "Se-Se-g1.utb"
  },
  {
    "id": "tr-comp8",
    "locale": "tr",
    "dots": "8",
    "fileNames": "tr.ctb"
  },
  {
    "id": "vi-comp8",
    "locale": "vi",
    "dots": "8",
    "fileNames": "vi.ctb"
  },
  {
    "id": "zh-TW-comp8",
    "locale": "zh_TW",
    "dots": "8",
    "fileNames": "zh-tw.ctb"
  },
  {
    "id": "zh-comp8",
    "locale": "zh",
    "dots": "8",
    "fileNames": "zh-hk.ctb"
  }
]
