{"file_hashes":[{"block_hashes":["iK2qLdEG2Rp/03TtcDOIAGvF2pj2Y/izJhrqOmbqExw="],"block_size":4096,"path":"_locales/jp/messages.json"},{"block_hashes":["kzO9x1MfF6qw+82brXVyPuSfH+5J66yp51giHO3O/qc="],"block_size":4096,"path":"_locales/no/messages.json"},{"block_hashes":["4+56jBnVSUe+F6M8WQbGkLcql/yz8BoPmt+m2kpnFmg="],"block_size":4096,"path":"background.html"},{"block_hashes":["yKvz8g72dLkueSPufni9MzchTYf0hGsCXYARHXJcTJA=","eoUTDWZXARVye2y+fQWpzoN5Z27yLp8LpSLVl3E98MY="],"block_size":4096,"path":"background.js"},{"block_hashes":["djmZ5OBOMB0lcAIc3rj7+7zJ2/B8C7kZBmm2DrzX7pA="],"block_size":4096,"path":"counter_update.js"},{"block_hashes":["0k3omz2BXml24zNB2M5Js2aTg4pDRppX0avG53OU9ek="],"block_size":4096,"path":"popup.html"},{"block_hashes":["Ez5fNhFzWb2KbPb5AgQQGxiljuHT7ZJqSd4CS9HGSqY=","BKutthxaLnZg+2Lfqgp93uLaSuNMaXQFKDmjhEcKlfA="],"block_size":4096,"path":"popup.js"}],"version":2}